,Experiment,Treatment,fips,State
0,"('AlAMU', 1875)",1,1089,Alabama
1,"('AlAMU', 1875)",0,1101,Alabama
2,"('AlAMU', 1875)",0,1087,Alabama
3,"('AubU', 1856)",1,1081,Alabama
4,"('AubU', 1856)",0,1077,Alabama
5,"('AubU', 1856)",0,1121,Alabama
6,"('AubU', 1856)",0,1125,Alabama
7,"('LGMA', 1830)",1,1059,Alabama
8,"('LGMA', 1830)",0,1077,Alabama
9,"('TallC', 1866)",1,1121,Alabama
10,"('TallC', 1866)",0,1047,Alabama
11,"('TallC', 1866)",0,1101,Alabama
12,"('TallC', 1866)",0,1097,Alabama
13,"('UAl', 1818)",1,1125,Alabama
14,"('UAl', 1818)",0,1117,Alabama
15,"('UAl', 1818)",0,1059,Alabama
16,"('UAl', 1818)",0,1083,Alabama
17,"('UAl', 1818)",0,1071,Alabama
18,"('UAl', 1818)",0,1105,Alabama
19,"('UAl', 1818)",0,1063,Alabama
20,"('UAl', 1818)",0,1071,Alabama
21,"('UAl', 1818)",0,1103,Alabama
22,"('UAl', 1818)",0,1079,Alabama
23,"('UAl', 1818)",0,1001,Alabama
24,"('UAl', 1818)",0,1013,Alabama
25,"('UAl', 1818)",0,1073,Alabama
26,"('UAl', 1818)",0,1009,Alabama
61,"('AzPacU', 1900)",1,6037,California
62,"('AzPacU', 1900)",0,6001,California
63,"('PomoC', 1887)",1,6037,California
64,"('PomoC', 1887)",0,6037,California
65,"('PomoC', 1887)",0,6065,California
66,"('PomoC', 1887)",0,6071,California
67,"('StanU', 1885)",1,6085,California
68,"('StanU', 1885)",0,6081,California
69,"('StanU', 1885)",0,6001,California
70,"('StanU', 1885)",0,6007,California
71,"('StanU', 1885)",0,6067,California
72,"('StanU', 1885)",0,6103,California
73,"('SJSU', 1880)",1,6085,California
74,"('SJSU', 1880)",0,6089,California
75,"('SJSU', 1880)",0,6019,California
76,"('SJSU', 1880)",0,6097,California
77,"('SJSU', 1880)",0,6037,California
78,"('UCaB', 1857)",1,6001,California
79,"('UCaB', 1857)",0,6001,California
80,"('UCaB', 1857)",0,6013,California
81,"('UCaB', 1857)",0,6055,California
82,"('UCaB', 1857)",0,6085,California
83,"('UCaDav', 1905)",1,6113,California
84,"('UCaDav', 1905)",0,6113,California
85,"('UCaDav', 1905)",0,6013,California
86,"('UCaDav', 1905)",0,6095,California
87,"('UCaDav', 1905)",0,6001,California
88,"('UCaDav', 1905)",0,6077,California
89,"('UCaDav', 1905)",0,6099,California
90,"('UCaDav', 1905)",0,6047,California
91,"('UCaDav', 1905)",0,6019,California
92,"('UCaDav', 1905)",0,6007,California
93,"('UCaDav', 1905)",0,6021,California
94,"('UCaDav', 1905)",0,6085,California
95,"('UCaDav', 1905)",0,6053,California
96,"('UCaDav', 1905)",0,6087,California
97,"('UCaDav', 1905)",0,6097,California
98,"('UCaSD', 1956)",1,6073,California
99,"('UCaSD', 1956)",0,6037,California
100,"('UCaIrv', 1960)",1,6059,California
101,"('UCaIrv', 1960)",0,6037,California
102,"('UCaSCr', 1960)",1,6087,California
103,"('UCaSCr', 1960)",0,6085,California
104,"('UPac', 1851)",1,6085,California
105,"('UPac', 1851)",0,6075,California
106,"('UPac', 1851)",0,6085,California
107,"('UPac', 1851)",0,6095,California
108,"('UPac', 1851)",1,6085,California
109,"('UPac', 1851)",0,6085,California
110,"('UPac', 1851)",1,6077,California
111,"('UPac', 1851)",0,6087,California
112,"('UPac', 1851)",0,6001,California
113,"('UPac', 1851)",0,6077,California
114,"('UPac', 1851)",0,6099,California
115,"('UPac', 1851)",0,6099,California
116,"('UPac', 1851)",0,6067,California
117,"('ColorC', 1874)",1,8041,Colorado
118,"('ColorC', 1874)",0,8031,Colorado
119,"('ColorC', 1874)",0,8123,Colorado
120,"('CoSU', 1870)",1,8069,Colorado
121,"('CoSU', 1870)",0,8123,Colorado
122,"('UCo', 1874)",1,8013,Colorado
123,"('UCo', 1874)",0,8043,Colorado
124,"('UCo', 1874)",0,8019,Colorado
125,"('UCo', 1874)",0,8021,Colorado
126,"('UCo', 1874)",0,8031,Colorado
127,"('UCo', 1874)",0,8037,Colorado
128,"('UCo', 1874)",0,8059,Colorado
129,"('UCo', 1874)",0,8059,Colorado
130,"('UCo', 1874)",0,8101,Colorado
131,"('UCoDe', 1912)",1,8031,Colorado
132,"('UCoDe', 1912)",0,8013,Colorado
133,"('WSCoU', 1909)",1,8051,Colorado
134,"('WSCoU', 1909)",0,8077,Colorado
135,"('WSCoU', 1909)",0,8045,Colorado
136,"('WSCoU', 1909)",0,8067,Colorado
137,"('WSCoU', 1909)",0,8085,Colorado
138,"('WSCoU', 1909)",0,8029,Colorado
139,"('WSCoU', 1909)",0,8071,Colorado
140,"('WSCoU', 1909)",0,8101,Colorado
150,"('WesU', 1829)",0,,New York
160,"('FAMU', 1887)",1,12073,Florida
161,"('FAMU', 1887)",0,12001,Florida
162,"('FAMU', 1887)",0,12031,Florida
163,"('FAMU', 1887)",0,12083,Florida
164,"('FSC', 1883)",1,12105,Florida
165,"('FSC', 1883)",0,12103,Florida
166,"('FSC', 1883)",0,12103,Florida
167,"('FlSU', 1857)",1,12073,Florida
168,"('FlSU', 1857)",0,12063,Florida
169,"('FlSU', 1857)",0,12039,Florida
170,"('RollC', 1885)",1,12095,Florida
171,"('RollC', 1885)",0,12069,Florida
172,"('UCFl', 1963)",1,12095,Florida
173,"('UCFl', 1963)",0,12095,Florida
174,"('UCFl', 1963)",0,12117,Florida
175,"('UFl', 1883)",1,12023,Florida
176,"('UFl', 1883)",0,12009,Florida
177,"('UFl', 1883)",0,12001,Florida
178,"('UFl', 1883)",0,12121,Florida
179,"('UFl', 1883)",0,12073,Florida
180,"('UFl', 1883)",0,12083,Florida
181,"('UFl', 1883)",0,12079,Florida
182,"('UFl', 1905)",1,12001,Florida
183,"('UFl', 1905)",0,12023,Florida
184,"('UFl', 1905)",0,12131,Florida
185,"('UFl', 1905)",0,12105,Florida
186,"('UFl', 1905)",0,12103,Florida
187,"('UFl', 1905)",0,12097,Florida
188,"('UFl', 1905)",0,12073,Florida
189,"('UFl', 1905)",0,12089,Florida
190,"('UFl', 1905)",0,12121,Florida
191,"('UFl', 1905)",0,12083,Florida
192,"('UFl', 1905)",0,12031,Florida
193,"('GaT', 1886)",1,13121,Georgia
194,"('GaT', 1886)",0,13009,Georgia
195,"('GaT', 1886)",0,13021,Georgia
196,"('GaT', 1886)",0,13059,Georgia
197,"('GaT', 1886)",0,13133,Georgia
198,"('GaT', 1886)",0,13089,Georgia
199,"('GaSoU', 1906)",1,13031,Georgia
200,"('GaSoU', 1906)",0,13107,Georgia
201,"('GaSoU', 1906)",0,13267,Georgia
202,"('GaSoU', 1906)",0,13033,Georgia
203,"('MercU', 1833)",1,13021,Georgia
204,"('MercU', 1833)",0,13255,Georgia
205,"('MercU', 1833)",0,13121,Georgia
206,"('MercU', 1833)",0,13133,Georgia
207,"('MercU', 1833)",0,13207,Georgia
208,"('MercU', 1833)",0,13077,Georgia
209,"('MercU', 1833)",0,13067,Georgia
210,"('SavSU', 1900)",1,13051,Georgia
211,"('SavSU', 1900)",0,13245,Georgia
212,"('SavSU', 1900)",0,13021,Georgia
213,"('SavSU', 1900)",0,13261,Georgia
214,"('SavSU', 1900)",0,13215,Georgia
215,"('SavSU', 1900)",0,13059,Georgia
216,"('UWGa', 1906)",1,13045,Georgia
217,"('UWGa', 1906)",0,13215,Georgia
225,"('CarthC', 1869)",1,17067,Illinois
226,"('CarthC', 1869)",0,17167,Illinois
227,"('CarthC', 1869)",0,17099,Illinois
228,"('EIlU', 1895)",1,17029,Illinois
229,"('EIlU', 1895)",0,17029,Illinois
230,"('IlSU', 1857)",1,17113,Illinois
231,"('IlSU', 1857)",0,17179,Illinois
232,"('IlSU', 1857)",0,17043,Illinois
233,"('IlSU', 1857)",0,17089,Illinois
234,"('IlSU', 1857)",0,17143,Illinois
235,"('LincC', 1865)",1,17107,Illinois
236,"('LincC', 1865)",0,17115,Illinois
238,"('LincC', 1865)",0,17045,Illinois
239,"('LincC', 1865)",0,17017,Illinois
240,"('NIlU', 1895)",1,17037,Illinois
241,"('NIlU', 1895)",0,17201,Illinois
242,"('NIlU', 1895)",0,17177,Illinois
243,"('NIlU', 1895)",0,17141,Illinois
244,"('NIlU', 1895)",0,17141,Illinois
245,"('NIlU', 1895)",0,17103,Illinois
246,"('NIlU', 1895)",0,17195,Illinois
247,"('NWU', 1850)",1,17031,Illinois
248,"('NWU', 1850)",0,17031,Illinois
249,"('SIlU', 1869)",1,17077,Illinois
250,"('SIlU', 1869)",0,17027,Illinois
251,"('SIlU', 1869)",0,17081,Illinois
252,"('SIlU', 1869)",0,17121,Illinois
253,"('SIlU', 1869)",0,17189,Illinois
254,"('SIlU', 1869)",0,17145,Illinois
255,"('UIUC', 1867)",1,17019,Illinois
256,"('UIUC', 1867)",0,17031,Illinois
257,"('UIUC', 1867)",0,17043,Illinois
258,"('UIUC', 1867)",0,17107,Illinois
259,"('UIUC', 1867)",0,17113,Illinois
260,"('UIUC', 1867)",0,17113,Illinois
261,"('UIUC', 1867)",0,17137,Illinois
262,"('WIlU', 1899)",1,17109,Illinois
263,"('WIlU', 1899)",0,17001,Illinois
264,"('WIlU', 1899)",0,17131,Illinois
265,"('WIlU', 1899)",0,17169,Illinois
266,"('WIlU', 1899)",0,17187,Illinois
267,"('WIlU', 1899)",0,17067,Illinois
279,"('DrakeU', 1881)",1,19153,Iowa
280,"('DrakeU', 1881)",0,19123,Iowa
281,"('GrinnC', 1846)",1,19157,Iowa
282,"('GrinnC', 1846)",0,19163,Iowa
283,"('GrinnC', 1846)",0,19105,Iowa
284,"('GrinnC', 1846)",0,19097,Iowa
285,"('GrinnC', 1846)",0,19153,Iowa
286,"('GrinnC', 1846)",0,19079,Iowa
287,"('GrinnC', 1846)",0,19187,Iowa
288,"('IaSU', 1859)",1,19169,Iowa
289,"('IaSU', 1859)",1,19015,Iowa
290,"('IaSU', 1859)",0,19083,Iowa
291,"('IaSU', 1859)",0,19101,Iowa
292,"('IaSU', 1859)",0,19103,Iowa
293,"('IaSU', 1859)",0,19127,Iowa
294,"('IaSU', 1859)",0,19153,Iowa
295,"('IaSU', 1859)",0,19171,Iowa
296,"('UIa', 1847)",1,19103,Iowa
297,"('UIa', 1847)",0,19101,Iowa
298,"('UIa', 1847)",0,19061,Iowa
299,"('UIa', 1847)",0,19097,Iowa
300,"('UIa', 1847)",0,19123,Iowa
301,"('UIa', 1847)",0,19087,Iowa
302,"('UNIa', 1876)",1,19013,Iowa
303,"('UNIa', 1876)",0,19169,Iowa
304,"('UNIa', 1876)",0,19049,Iowa
305,"('UNIa', 1876)",0,19157,Iowa
306,"('UNIa', 1876)",0,19065,Iowa
307,"('EmpSU', 1865)",1,20111,Kansas
308,"('EmpSU', 1865)",0,20045,Kansas
309,"('EmpSU', 1865)",0,20177,Kansas
310,"('EmpSU', 1865)",0,20177,Kansas
311,"('EmpSU', 1865)",0,20161,Kansas
312,"('EmpSU', 1865)",0,20103,Kansas
313,"('KsSU', 1863)",1,20161,Kansas
314,"('KsSU', 1863)",0,20111,Kansas
315,"('KsSU', 1863)",0,20177,Kansas
316,"('KsSU', 1863)",0,20177,Kansas
317,"('KsSU', 1863)",0,20045,Kansas
318,"('KsSU', 1863)",0,20103,Kansas
319,"('KsWesU', 1885)",1,20169,Kansas
320,"('KsWesU', 1885)",0,20123,Kansas
321,"('KsWesU', 1885)",0,20029,Kansas
322,"('KsWesU', 1885)",0,20053,Kansas
323,"('UKs', 1863)",1,20045,Kansas
324,"('UKs', 1863)",0,20111,Kansas
325,"('UKs', 1863)",0,20177,Kansas
326,"('UKs', 1863)",0,20177,Kansas
327,"('UKs', 1863)",0,20161,Kansas
328,"('UKs', 1863)",0,20103,Kansas
329,"('BereaC', 1858)",1,21151,Kentucky
330,"('BereaC', 1858)",0,21065,Kentucky
331,"('EKyU', 1906)",1,21151,Kentucky
332,"('EKyU', 1906)",0,21111,Kentucky
333,"('KySU', 1886)",1,21073,Kentucky
334,"('KySU', 1886)",0,21021,Kentucky
335,"('KySU', 1886)",0,21047,Kentucky
336,"('KySU', 1886)",0,21059,Kentucky
337,"('KySU', 1886)",0,21059,Kentucky
338,"('KySU', 1886)",0,21067,Kentucky
339,"('KySU', 1886)",0,21227,Kentucky
340,"('KyWesC', 1857)",1,21017,Kentucky
341,"('KyWesC', 1857)",0,21211,Kentucky
342,"('KyWesC', 1857)",1,21049,Kentucky
343,"('KyWesC', 1857)",0,21017,Kentucky
344,"('KyWesC', 1857)",1,21059,Kentucky
345,"('KyWesC', 1857)",0,21049,Kentucky
346,"('UKy', 1865)",1,21067,Kentucky
347,"('UKy', 1865)",0,21167,Kentucky
348,"('WKyU', 1906)",1,21227,Kentucky
349,"('WKyU', 1906)",0,21111,Kentucky
401,"('EMiU', 1849)",1,26161,Michigan
402,"('EMiU', 1849)",0,26075,Michigan
403,"('EMiU', 1849)",0,26025,Michigan
404,"('EMiU', 1849)",0,26077,Michigan
405,"('EMiU', 1849)",0,26021,Michigan
406,"('EMiU', 1849)",0,26027,Michigan
407,"('MiSU', 1855)",1,26065,Michigan
408,"('MiSU', 1855)",0,26045,Michigan
409,"('MiSU', 1855)",0,26131,Michigan
410,"('MiSU', 1855)",0,26117,Michigan
411,"('MiSU', 1855)",0,26037,Michigan
412,"('MiSU', 1855)",0,26147,Michigan
413,"('MiSU', 1855)",0,26123,Michigan
414,"('UMi', 1817)",1,26161,Michigan
415,"('UMi', 1817)",0,26163,Michigan
416,"('UMi', 1817)",0,26115,Michigan
417,"('UMi', 1817)",0,26025,Michigan
418,"('WMiU', 1903)",1,26077,Michigan
419,"('WMiU', 1903)",0,26005,Michigan
420,"('WMiU', 1903)",0,26015,Michigan
421,"('WMiU', 1903)",0,,Michigan
422,"('WMiU', 1903)",0,26069,Michigan
423,"('WMiU', 1903)",0,26021,Michigan
424,"('WMiU', 1903)",0,26021,Michigan
425,"('WMiU', 1903)",0,26027,Michigan
426,"('WMiU', 1903)",0,26027,Michigan
427,"('WMiU', 1903)",0,26027,Michigan
428,"('WMiU', 1903)",0,26149,Michigan
429,"('WMiU', 1903)",0,26149,Michigan
430,"('WMiU', 1903)",0,26159,Michigan
431,"('WMiU', 1903)",0,26025,Michigan
432,"('WMiU', 1903)",0,26045,Michigan
433,"('WMiU', 1903)",0,26139,Michigan
434,"('WMiU', 1903)",0,26005,Michigan
435,"('WMiU', 1903)",0,26139,Michigan
436,"('WMiU', 1903)",0,26081,Michigan
437,"('WMiU', 1903)",0,26081,Michigan
438,"('WMiU', 1903)",0,,Michigan
439,"('WMiU', 1903)",0,26101,Michigan
440,"('WMiU', 1903)",0,26127,Michigan
441,"('WMiU', 1903)",0,26019,Michigan
442,"('WMiU', 1903)",0,,Michigan
443,"('WMiU', 1903)",0,26029,Michigan
444,"('WMiU', 1903)",0,26105,Michigan
445,"('WMiU', 1903)",0,26117,Michigan
446,"('WMiU', 1903)",0,,Michigan
447,"('WMiU', 1903)",0,26077,Michigan
448,"('WMiU', 1903)",0,26077,Michigan
449,"('CarlC', 1866)",1,27131,Minnesota
450,"('CarlC', 1866)",0,27163,Minnesota
451,"('CarlC', 1866)",0,27049,Minnesota
452,"('CarlC', 1866)",0,27157,Minnesota
453,"('CarlC', 1866)",0,27039,Minnesota
454,"('CarlC', 1866)",0,27049,Minnesota
455,"('ConcC', 1889)",1,27027,Minnesota
456,"('ConcC', 1889)",0,27027,Minnesota
457,"('ConcC', 1889)",0,27119,Minnesota
458,"('ConcC', 1889)",0,27119,Minnesota
459,"('ConcC', 1889)",0,27119,Minnesota
460,"('ConcC', 1889)",0,27107,Minnesota
461,"('GuAdC', 1862)",1,27019,Minnesota
462,"('GuAdC', 1862)",0,27049,Minnesota
463,"('GuAdC', 1862)",0,27123,Minnesota
464,"('GuAdC', 1862)",0,27049,Minnesota
465,"('GuAdC', 1874)",1,27103,Minnesota
466,"('GuAdC', 1874)",0,27053,Minnesota
467,"('HamU', 1854)",1,27123,Minnesota
468,"('HamU', 1854)",0,27109,Minnesota
469,"('HamU', 1854)",0,27049,Minnesota
470,"('HamU', 1854)",0,27131,Minnesota
471,"('HamU', 1854)",0,27169,Minnesota
472,"('HamU', 1854)",0,27053,Minnesota
473,"('UMn', 1851)",1,27053,Minnesota
474,"('UMn', 1851)",1,27123,Minnesota
475,"('UMn', 1851)",0,27053,Minnesota
476,"('UMn', 1851)",1,27053,Minnesota
477,"('UMn', 1851)",1,27123,Minnesota
478,"('UMn', 1851)",0,27085,Minnesota
479,"('AlcSU', 1871)",1,28063,Mississippi
480,"('AlcSU', 1871)",0,28003,Mississippi
481,"('AlcSU', 1871)",0,28017,Mississippi
482,"('AlcSU', 1871)",0,28093,Mississippi
483,"('MsSU', 1878)",1,28105,Mississippi
484,"('MsSU', 1878)",0,28075,Mississippi
485,"('MsSU', 1878)",0,28025,Mississippi
486,"('SMsU', 1910)",1,28035,Mississippi
487,"('SMsU', 1910)",0,28067,Mississippi
488,"('SMsU', 1910)",0,28049,Mississippi
489,"('SMsU', 1910)",0,28075,Mississippi
490,"('SMsU', 1910)",0,28087,Mississippi
491,"('UMs', 1844)",1,28071,Mississippi
492,"('UMs', 1844)",0,28007,Mississippi
493,"('UMs', 1844)",0,,Mississippi
494,"('UMs', 1844)",0,28047,Mississippi
495,"('UMs', 1844)",0,28085,Mississippi
496,"('UMs', 1844)",0,28093,Mississippi
497,"('UMs', 1844)",0,28095,Mississippi
498,"('UMs', 1844)",0,28097,Mississippi
499,"('UMs', 1844)",0,28121,Mississippi
500,"('UMs', 1844)",0,28149,Mississippi
501,"('UMs', 1844)",0,28159,Mississippi
502,"('UMs', 1844)",0,,Mississippi
503,"('UMs', 1844)",0,,Mississippi
504,"('COzark', 1907)",1,29213,Missouri
505,"('COzark', 1907)",0,29213,Missouri
506,"('MoSU', 1905)",1,29077,Missouri
507,"('MoSU', 1905)",0,29097,Missouri
508,"('MoSU', 1905)",0,29109,Missouri
509,"('MoSU', 1905)",0,29105,Missouri
510,"('MoSU', 1905)",0,29225,Missouri
511,"('MoSU', 1905)",0,29109,Missouri
512,"('MoSU', 1905)",0,29009,Missouri
513,"('MoSU', 1905)",0,,Missouri
514,"('MoSU', 1905)",0,29109,Missouri
515,"('MoUST', 1870)",1,29161,Missouri
516,"('MoUST', 1870)",0,29093,Missouri
517,"('UMo', 1839)",1,29019,Missouri
518,"('UMo', 1839)",0,29089,Missouri
519,"('UMo', 1839)",0,29051,Missouri
520,"('UMo', 1839)",0,29053,Missouri
521,"('UMo', 1839)",0,29195,Missouri
522,"('UMo', 1839)",0,29027,Missouri
523,"('UMo', 1839)",1,29019,Missouri
524,"('UMo', 1839)",0,29077,Missouri
525,"('UMo', 1839)",0,29095,Missouri
534,"('NeCTA', 1911)",1,31063,Nebraska
535,"('NeCTA', 1911)",0,31083,Nebraska
536,"('NeCTA', 1911)",0,31083,Nebraska
537,"('NeCTA', 1911)",0,31145,Nebraska
538,"('NeCTA', 1911)",0,31145,Nebraska
539,"('NeCTA', 1911)",0,31041,Nebraska
540,"('NeCTA', 1911)",0,31065,Nebraska
541,"('NeCTA', 1911)",0,31087,Nebraska
542,"('NeCTA', 1911)",0,31137,Nebraska
543,"('NeCTA', 1911)",0,31099,Nebraska
544,"('NeCTA', 1911)",0,31111,Nebraska
545,"('NeCTA', 1911)",0,31065,Nebraska
546,"('NeCTA', 1911)",0,,Nebraska
547,"('UNeKe', 1903)",1,31019,Nebraska
548,"('UNeKe', 1903)",0,31041,Nebraska
549,"('UNeKe', 1903)",0,31175,Nebraska
550,"('UNeKe', 1903)",0,31013,Nebraska
551,"('UNeKe', 1903)",0,31017,Nebraska
552,"('UNeKe', 1903)",0,31017,Nebraska
553,"('UNeKe', 1903)",0,31035,Nebraska
554,"('UNeKe', 1903)",0,31121,Nebraska
555,"('UNeKe', 1903)",0,31047,Nebraska
556,"('UNeKe', 1903)",0,31047,Nebraska
557,"('UNeKe', 1903)",0,,Nebraska
558,"('UNeKe', 1903)",0,31137,Nebraska
559,"('UNeKe', 1903)",0,31081,Nebraska
560,"('UNeKe', 1903)",0,31111,Nebraska
565,"('DartC', 1754)",0,36071,New York
566,"('DartC', 1754)",0,36121,New York
567,"('DartC', 1754)",0,36001,New York
599,"('ColgU', 1819)",1,36053,New York
600,"('ColgU', 1819)",0,36053,New York
601,"('ColgU', 1819)",0,36067,New York
602,"('ColgU', 1819)",0,36067,New York
603,"('ColgU', 1819)",0,36067,New York
604,"('ColgU', 1819)",0,36011,New York
605,"('ColgU', 1819)",0,36065,New York
606,"('ColumU', 1752)",1,,New York
607,"('ColumU', 1752)",0,36071,New York
608,"('ColumU', 1752)",0,36119,New York
609,"('ColumU', 1752)",0,36059,New York
610,"('CornU', 1865)",1,36109,New York
611,"('CornU', 1865)",0,36067,New York
612,"('CornU', 1865)",0,36097,New York
613,"('CornU', 1865)",0,36097,New York
614,"('CornU', 1865)",0,36099,New York
615,"('NYSMMA', 1933)",1,36005,New York
616,"('NYSMMA', 1933)",0,36081,New York
617,"('NYSMMA', 1933)",0,36103,New York
618,"('NYSMMA', 1933)",0,36103,New York
619,"('NYSMMA', 1933)",0,36005,New York
620,"('SUNYES', 1911)",1,36067,New York
621,"('SUNYES', 1911)",0,36109,New York
622,"('DukeU', 1839)",1,37063,North Carolina
623,"('DukeU', 1839)",0,37183,North Carolina
624,"('ENCU', 1907)",1,37147,North Carolina
625,"('ENCU', 1907)",0,37107,North Carolina
626,"('ENCU', 1907)",0,37013,North Carolina
627,"('ENCU', 1907)",0,37065,North Carolina
628,"('ENCU', 1907)",0,37127,North Carolina
629,"('ENCU', 1907)",0,37139,North Carolina
630,"('ENCU', 1907)",0,37065,North Carolina
631,"('ENCU', 1907)",0,37049,North Carolina
632,"('HPU', 1920)",1,37081,North Carolina
633,"('HPU', 1920)",0,37081,North Carolina
634,"('HPU', 1920)",0,37001,North Carolina
635,"('NCAT', 1891)",1,37081,North Carolina
636,"('NCAT', 1891)",0,37001,North Carolina
637,"('NCAT', 1891)",0,37063,North Carolina
638,"('NCAT', 1891)",0,37067,North Carolina
639,"('NCAT', 1891)",0,37129,North Carolina
640,"('NCAT', 1891)",0,37183,North Carolina
641,"('NCSU', 1886)",1,37183,North Carolina
642,"('NCSU', 1886)",0,37119,North Carolina
643,"('NCSU', 1886)",0,37107,North Carolina
644,"('UNC', 1792)",1,37037,North Carolina
645,"('UNC', 1792)",0,37183,North Carolina
646,"('UNC', 1792)",0,37077,North Carolina
647,"('UNC', 1792)",0,37135,North Carolina
648,"('UNC', 1792)",0,37037,North Carolina
649,"('UNC', 1792)",0,37101,North Carolina
650,"('UNC', 1792)",0,37077,North Carolina
659,"('AkronU', 1870)",1,39153,Ohio
660,"('AkronU', 1870)",0,39133,Ohio
661,"('BGSU', 1910)",1,39173,Ohio
662,"('BGSU', 1910)",0,39161,Ohio
663,"('BGSU', 1910)",0,39069,Ohio
664,"('BGSU', 1910)",0,39143,Ohio
665,"('BGSU', 1910)",0,39063,Ohio
666,"('BGSU', 1910)",0,39063,Ohio
667,"('BGSU', 1910)",0,39173,Ohio
668,"('BGSU', 1910)",0,39173,Ohio
669,"('BGSU', 1910)",0,39175,Ohio
670,"('BGSU', 1910)",0,39175,Ohio
671,"('BGSU', 1910)",0,39137,Ohio
672,"('BGSU', 1910)",0,39137,Ohio
673,"('BGSU', 1910)",0,39003,Ohio
674,"('BGSU', 1910)",0,39161,Ohio
675,"('BGSU', 1910)",0,39063,Ohio
676,"('BGSU', 1910)",0,39147,Ohio
677,"('BGSU', 1910)",0,39173,Ohio
678,"('BGSU', 1910)",0,39065,Ohio
679,"('BGSU', 1910)",0,39003,Ohio
680,"('BGSU', 1910)",0,39051,Ohio
681,"('DeniU', 1831)",1,39089,Ohio
682,"('DeniU', 1831)",0,39023,Ohio
683,"('DeniU', 1831)",0,21037,Kentucky
684,"('DeniU', 1831)",0,39119,Ohio
685,"('DeniU', 1831)",0,39169,Ohio
686,"('DeniU', 1831)",0,39141,Ohio
687,"('KentSU', 1910)",1,39133,Ohio
688,"('KentSU', 1910)",0,39133,Ohio
689,"('KentSU', 1910)",0,39103,Ohio
690,"('KentSU', 1910)",0,39155,Ohio
691,"('KentSU', 1910)",0,39007,Ohio
692,"('KentSU', 1910)",0,39007,Ohio
693,"('KentSU', 1910)",0,39151,Ohio
694,"('KentSU', 1910)",0,39151,Ohio
695,"('KentSU', 1910)",0,,Ohio
696,"('KentSU', 1910)",0,39029,Ohio
697,"('KentSU', 1910)",0,39029,Ohio
698,"('KentSU', 1910)",0,39153,Ohio
699,"('KentSU', 1910)",0,39093,Ohio
700,"('KentSU', 1910)",0,39103,Ohio
701,"('KentSU', 1910)",0,39103,Ohio
702,"('KentSU', 1910)",0,,Ohio
703,"('KentSU', 1910)",0,39155,Ohio
704,"('KentSU', 1910)",0,39099,Ohio
705,"('KentSU', 1910)",0,39099,Ohio
706,"('KenyC', 1824)",1,39083,Ohio
707,"('KenyC', 1824)",0,39119,Ohio
708,"('KenyC', 1824)",0,39049,Ohio
709,"('KenyC', 1824)",0,39141,Ohio
710,"('KenyC', 1824)",0,39049,Ohio
711,"('KenyC', 1824)",0,39061,Ohio
712,"('MUOh', 1824)",1,39017,Ohio
713,"('MUOh', 1824)",0,39061,Ohio
714,"('OhSU', 1870)",1,39049,Ohio
715,"('OhSU', 1870)",0,39017,Ohio
716,"('OhSU', 1870)",0,39061,Ohio
717,"('OhSU', 1870)",0,39009,Ohio
718,"('WRU', 1826)",1,39153,Ohio
719,"('WRU', 1826)",0,39035,Ohio
720,"('WRU', 1826)",0,39055,Ohio
721,"('WilbU', 1856)",1,39057,Ohio
722,"('WilbU', 1856)",0,39057,Ohio
723,"('WilbU', 1856)",0,39119,Ohio
724,"('WilbU', 1856)",0,39141,Ohio
751,"('BuckU', 1846)",1,42119,Pennsylvania
752,"('BuckU', 1846)",0,42097,Pennsylvania
753,"('DrexU', 1891)",1,42101,Pennsylvania
754,"('DrexU', 1891)",0,42045,Pennsylvania
755,"('FMC', 1785)",1,42071,Pennsylvania
756,"('FMC', 1785)",0,42011,Pennsylvania
757,"('FMC', 1785)",0,42075,Pennsylvania
758,"('FMC', 1785)",0,42071,Pennsylvania
759,"('GettC', 1832)",1,42001,Pennsylvania
761,"('GettC', 1832)",0,42041,Pennsylvania
762,"('PaSU', 1855)",1,42027,Pennsylvania
763,"('PaSU', 1855)",0,42013,Pennsylvania
764,"('PaSU', 1855)",0,42055,Pennsylvania
765,"('PaSU', 1855)",0,42061,Pennsylvania
766,"('PaSU', 1855)",0,42049,Pennsylvania
767,"('PaSU', 1855)",0,42099,Pennsylvania
768,"('PaSU', 1855)",0,42003,Pennsylvania
769,"('PaSU', 1855)",1,42027,Pennsylvania
770,"('PaSU', 1846)",0,42119,Pennsylvania
771,"('PaSU', 1815)",0,42039,Pennsylvania
772,"('PaSU', 1832)",0,42001,Pennsylvania
773,"('PaSU', 1787)",0,42003,Pennsylvania
774,"('PaSU', 1853)",0,42101,Pennsylvania
775,"('WidenU', 1821)",1,42045,Pennsylvania
776,"('WidenU', 1821)",0,42029,Pennsylvania
806,"('MTnSU', 1909)",1,47149,Tennessee
807,"('MTnSU', 1909)",0,47125,Tennessee
808,"('MTnSU', 1909)",0,47119,Tennessee
809,"('MTnSU', 1909)",0,47141,Tennessee
810,"('MTnSU', 1909)",0,47103,Tennessee
811,"('MTnSU', 1909)",0,47141,Tennessee
812,"('MTnSU', 1909)",0,47003,Tennessee
813,"('MTnSU', 1909)",0,47031,Tennessee
814,"('MTnSU', 1909)",0,47051,Tennessee
815,"('MTnSU', 1909)",0,47051,Tennessee
816,"('TnSU', 1911)",1,47037,Tennessee
817,"('TnSU', 1911)",0,47065,Tennessee
818,"('TnSU', 1911)",0,47157,Tennessee
819,"('UTn', 1794)",1,47093,Tennessee
820,"('UTn', 1794)",0,47047,Tennessee
821,"('UTn', 1794)",0,47179,Tennessee
822,"('UTn', 1794)",0,47009,Tennessee
823,"('UTn', 1794)",0,47073,Tennessee
824,"('UTn', 1794)",1,47093,Tennessee
825,"('UTn', 1794)",0,47149,Tennessee
826,"('UnionU', 1874)",1,47113,Tennessee
827,"('UnionU', 1874)",0,47149,Tennessee
828,"('UnionU', 1874)",0,47065,Tennessee
829,"('UnionU', 1874)",0,47177,Tennessee
830,"('UnionU', 1874)",0,47037,Tennessee
831,"('VandU', 1873)",1,47037,Tennessee
832,"('VandU', 1873)",0,36085,New York
833,"('BaylU', 1845)",1,48309,Texas
834,"('BaylU', 1861)",0,48477,Texas
835,"('DaBapU', 1898)",1,48113,Texas
836,"('DaBapU', 1898)",0,48029,Texas
837,"('DaBapU', 1898)",0,48201,Texas
838,"('DaBapU', 1898)",0,48439,Texas
839,"('DaBapU', 1898)",0,48497,Texas
840,"('RiceU', 1891)",1,48201,Texas
842,"('SMU', 1911)",1,48113,Texas
843,"('SMU', 1911)",0,48439,Texas
844,"('SMU', 1911)",0,48491,Texas
845,"('TxAMU', 1871)",1,48041,Texas
846,"('TxAMU', 1871)",0,48015,Texas
847,"('TxAMU', 1871)",0,48185,Texas
848,"('TxAMU', 1871)",0,48185,Texas
849,"('TxAMU', 1871)",0,48029,Texas
850,"('TxAMU', 1871)",0,48453,Texas
851,"('TxAMU', 1871)",0,48309,Texas
852,"('TxAMU', 1871)",0,48209,Texas
853,"('TxAMU', 1871)",0,48293,Texas
854,"('TxCU', 1869)",1,48439,Texas
855,"('TxCU', 1869)",0,48113,Texas
856,"('TxCU', 1869)",0,48309,Texas
857,"('TxT', 1923)",1,48303,Texas
858,"('TxT', 1923)",0,48415,Texas
859,"('TxT', 1923)",0,48353,Texas
860,"('TxT', 1923)",0,48153,Texas
861,"('TxT', 1923)",0,48189,Texas
862,"('TxT', 1923)",0,48227,Texas
863,"('TxT', 1923)",0,48259,Texas
864,"('TxT', 1923)",0,48281,Texas
865,"('TxT', 1923)",0,48307,Texas
866,"('TxT', 1923)",0,48327,Texas
867,"('TxT', 1923)",0,48049,Texas
868,"('TxT', 1923)",0,48083,Texas
869,"('TxT', 1923)",0,48399,Texas
870,"('TxT', 1923)",0,48095,Texas
871,"('TxT', 1923)",0,48399,Texas
872,"('TxT', 1923)",0,48451,Texas
873,"('TxT', 1923)",0,48329,Texas
874,"('TxT', 1923)",0,48317,Texas
875,"('TxT', 1923)",0,48335,Texas
876,"('TxT', 1923)",0,48441,Texas
877,"('TxT', 1923)",0,48253,Texas
878,"('TxT', 1923)",0,48441,Texas
879,"('TxT', 1923)",0,48059,Texas
880,"('TxT', 1923)",0,48133,Texas
881,"('TxT', 1923)",0,48023,Texas
882,"('TxT', 1923)",0,48275,Texas
883,"('TxT', 1923)",0,48207,Texas
884,"('TxT', 1923)",0,48207,Texas
885,"('TxT', 1923)",0,48253,Texas
886,"('TxT', 1923)",0,48169,Texas
887,"('TxT', 1923)",0,48305,Texas
888,"('TxT', 1923)",0,48107,Texas
889,"('TxT', 1923)",0,48125,Texas
890,"('TxT', 1923)",0,48437,Texas
891,"('TxT', 1923)",0,48375,Texas
892,"('TxT', 1923)",0,48011,Texas
893,"('TxT', 1923)",0,48191,Texas
894,"('TxT', 1923)",0,48197,Texas
895,"('TxT', 1923)",0,48487,Texas
896,"('UTxA', 1881)",1,48453,Texas
897,"('UTxA', 1881)",0,48423,Texas
898,"('UTxA', 1881)",0,48221,Texas
899,"('UTxA', 1881)",0,48251,Texas
900,"('UTxA', 1881)",0,48251,Texas
901,"('UTxA', 1881)",0,48281,Texas
902,"('UTxA', 1881)",0,48321,Texas
903,"('UTxA', 1881)",0,48309,Texas
904,"('UTxA', 1881)",0,48333,Texas
905,"('UTxA', 1881)",0,48417,Texas
906,"('UTxA', 1881)",0,48503,Texas
907,"('UTxMB', 1881)",1,48167,Texas
908,"('UTxMB', 1881)",0,48201,Texas
909,"('USAFA', 1954)",1,8041,Colorado
910,"('USAFA', 1954)",0,17119,Illinois
914,"('USMMA', 1936)",1,36059,New York
918,"('USMMNO', 1942)",1,28047,Mississippi
920,"('USMA', 1802)",1,36071,New York
921,"('USMA', 1802)",0,42041,Pennsylvania
924,"('USNA', 1845)",0,42101,Pennsylvania
927,"('USNWC', 1884)",0,,New York
943,"('ChNewU', 1960)",1,,Virginia
944,"('ChNewU', 1960)",0,,Virginia
945,"('CWandM', 1693)",1,51199,Virginia
946,"('CWandM', 1693)",0,51087,Virginia
947,"('CWandM', 1693)",0,51036,Virginia
948,"('RMC', 1830)",1,51085,Virginia
949,"('RMC', 1830)",0,51053,Virginia
950,"('RMC', 1830)",0,51041,Virginia
951,"('RMC', 1830)",0,,Virginia
952,"('RMC', 1830)",0,51117,Virginia
953,"('UVa', 1818)",1,51003,Virginia
954,"('UVa', 1818)",0,51163,Virginia
955,"('UVa', 1818)",0,51015,Virginia
956,"('VaT', 1872)",1,51121,Virginia
957,"('VaT', 1872)",0,51003,Virginia
958,"('VaT', 1872)",0,51163,Virginia
959,"('VaT', 1872)",0,51041,Virginia
960,"('VaT', 1872)",0,51161,Virginia
961,"('VaT', 1872)",0,51191,Virginia
962,"('VaT', 1872)",0,51085,Virginia
963,"('VaT', 1872)",0,51147,Virginia
964,"('VaT', 1872)",0,51171,Virginia
965,"('VaT', 1872)",0,,Virginia
966,"('VMI', 1836)",1,51163,Virginia
967,"('VMI', 1836)",0,51041,Virginia
