City,Median Income_x,State,Percentage of Population Age 5 or Less,Percentage of Population Age 5 to 9_x,Percentage of Population Age 10 to 14,Percentage of Population Age 5 to 9_y,Percentage of Population Age 15 to 19,Percentage of Population Age 20 to 24,Percentage of Population Age 25 to 34,Percentage of Population Age 45 to 44,Percentage of Population Age 45 to 54,Percentage of Population Age 55 to 64,Percentage of Population Age 65 to 74,Percentage of Population Age 75 to 84,Percentage of Population Age 85 or Older,Population
Barton Hills,250001,Michigan,2.2,1.9,6.7,1.9,8.0,3.2,5.1,7.0,19.5,19.2,13.7,11.5,1.9,313
Bloomfield Hills,208333,Michigan,4.5,5.2,8.7,5.2,10.4,4.1,4.1,9.6,15.0,17.0,11.3,5.0,5.3,3925
Village Of Grosse Pointe Shores,162604,Michigan,1.8,4.7,7.7,4.7,6.3,5.5,3.4,9.3,15.3,19.0,12.6,7.8,6.7,3031
Orchard Lake Village,155938,Michigan,2.4,3.6,7.4,3.6,9.3,6.0,5.9,8.3,19.4,19.5,11.0,6.4,0.8,2343
Franklin,144813,Michigan,5.9,7.3,9.2,7.3,7.3,3.3,5.4,9.1,18.8,16.8,10.2,4.3,2.4,3106
Birmingham,139113,Michigan,6.9,8.1,6.8,8.1,5.8,2.4,12.3,15.4,15.9,13.0,8.3,3.7,1.5,20382
Bingham Farms,138864,Michigan,1.7,5.7,7.5,5.7,5.5,2.4,1.6,9.8,16.0,13.6,18.3,12.5,5.5,1220
Grosse Pointe,134625,Michigan,4.8,7.1,8.5,7.1,8.0,3.1,5.6,14.2,17.2,14.6,8.8,5.8,2.4,5350
Pleasant Ridge,132813,Michigan,4.2,5.2,5.4,5.2,4.2,2.0,8.8,17.9,18.3,15.8,11.6,5.0,1.8,2544
Grosse Pointe Farms,132500,Michigan,5.7,9.9,8.3,9.9,5.7,3.3,6.2,13.8,14.1,15.7,9.0,5.6,2.7,9371
Huntington Woods,131765,Michigan,6.5,8.7,7.4,8.7,5.6,1.6,7.9,15.8,17.2,14.6,8.4,3.8,2.4,6310
Beverly Hills,126033,Michigan,4.1,8.1,8.8,8.1,6.1,3.4,8.3,14.5,16.4,13.2,7.6,4.3,5.1,10368
Forest Hills,126029,Michigan,6.5,7.6,9.1,7.6,7.8,3.5,7.8,13.5,16.2,15.8,7.9,3.4,0.9,27072
Grosse Pointe Park,125038,Michigan,5.7,6.3,7.7,6.3,7.4,4.4,9.9,12.5,16.3,15.3,7.8,4.7,1.9,11412
Rochester,119223,Michigan,7.0,6.6,7.2,6.6,5.6,5.8,13.1,13.3,16.9,11.1,7.8,4.2,1.5,12872
South Gull Lake,118750,Michigan,0.9,4.6,4.6,4.6,6.9,5.6,9.7,10.9,12.5,22.6,8.1,12.2,1.5,1357
East Grand Rapids,116875,Michigan,6.5,8.9,9.5,8.9,8.4,1.6,8.9,14.7,18.0,13.8,5.9,1.7,2.4,10999
Northville,116281,Michigan,4.0,6.6,6.0,6.6,6.3,4.7,9.8,13.0,18.3,13.5,9.9,5.4,2.8,6001
Novi,109510,Michigan,5.6,6.5,7.9,6.5,6.5,5.4,11.7,15.1,16.1,12.1,5.9,4.3,2.9,56887
Grosse Pointe Woods,105758,Michigan,5.5,5.5,6.3,5.5,7.4,5.4,10.2,9.9,16.2,15.8,8.5,5.9,3.5,15943
Okemos,104612,Michigan,5.0,5.1,5.6,5.1,6.2,12.4,12.3,10.9,13.6,14.5,8.0,4.4,2.0,21827
Saline,103594,Michigan,3.8,6.6,7.6,6.6,8.8,3.8,9.8,11.6,17.9,13.5,7.0,5.1,4.5,9000
Rochester Hills,102284,Michigan,5.9,6.9,6.3,6.9,6.6,5.0,11.6,13.4,15.7,14.5,7.6,3.9,2.7,72195
Troy,99011,Michigan,5.2,6.3,6.9,6.3,6.8,5.3,11.1,13.4,16.0,14.2,8.6,4.5,1.6,82106
Lathrup Village,98362,Michigan,6.9,3.4,6.2,3.4,5.9,4.2,9.8,15.0,14.6,19.5,9.2,4.4,1.0,4109
Milford,98306,Michigan,6.7,5.3,4.5,5.3,7.7,5.4,11.4,12.2,20.8,11.8,8.7,3.7,1.8,6325
Sylvan Lake,97115,Michigan,3.5,5.7,3.5,5.7,5.3,5.2,11.1,13.7,18.4,16.4,7.9,6.7,2.5,1591
Lake Victoria,96500,Michigan,1.0,8.2,6.6,8.2,7.8,2.1,2.7,17.8,20.7,19.2,6.3,5.4,2.1,889
Ann Arbor,96210,Michigan,4.3,3.8,3.5,3.8,12.0,20.2,17.5,9.7,9.3,9.5,5.5,3.2,1.6,115985
New Baltimore,94677,Michigan,7.3,7.6,8.5,7.6,5.1,5.0,9.5,16.7,17.8,9.4,7.3,3.1,2.6,12144
Village Of Clarkston,93333,Michigan,6.6,5.9,6.2,5.9,5.8,2.4,7.3,15.7,11.3,12.4,17.0,6.0,3.5,852
Farmington Hills,92855,Michigan,4.7,5.4,6.3,5.4,6.2,5.2,12.3,12.9,14.8,14.9,8.8,5.8,2.6,80682
Dexter,92431,Michigan,7.7,11.5,9.6,11.5,4.8,6.1,12.6,17.5,11.9,6.9,4.8,4.0,2.5,4482
Shoreham,91563,Michigan,3.9,7.0,6.3,7.0,5.5,1.9,11.7,14.4,13.0,14.7,13.3,6.1,2.3,832
Ferrysburg,90313,Michigan,0.9,5.0,4.8,5.0,4.8,6.1,5.9,12.1,19.6,19.9,11.8,7.8,1.3,2939
Lake Orion,89716,Michigan,4.9,6.7,5.5,6.7,4.7,3.5,13.5,12.7,17.6,13.9,7.7,6.1,3.3,3036
Plymouth,89430,Michigan,6.8,6.0,5.0,6.0,4.5,3.8,17.3,13.9,14.5,14.8,6.3,3.9,3.2,9029
East Lansing,88548,Michigan,2.3,2.1,1.9,2.1,27.5,36.1,9.9,4.6,4.2,5.0,3.2,2.0,1.2,48611
Berkley,88434,Michigan,6.5,5.1,6.3,5.1,4.9,5.2,16.1,16.4,14.5,13.9,5.4,2.9,2.9,15136
Royal Oak,87521,Michigan,5.3,4.0,4.2,4.0,4.0,6.8,21.7,13.8,14.0,13.1,6.5,4.3,2.5,58382
Wacousta,86563,Michigan,3.1,3.2,4.2,3.2,1.4,2.4,16.3,5.3,22.5,21.1,14.6,4.3,1.7,1347
South Lyon,85515,Michigan,5.5,7.7,7.6,7.7,5.8,4.1,11.6,15.8,17.0,10.8,6.8,5.6,1.9,11514
Caledonia,84875,Michigan,7.5,10.1,10.9,10.1,7.1,5.8,13.0,16.0,16.4,7.4,2.7,1.8,1.5,1595
Haslett,84684,Michigan,4.6,5.0,5.6,5.0,5.7,10.4,14.0,11.3,12.7,14.7,9.0,3.9,3.1,20061
Dewitt,84300,Michigan,6.5,10.4,7.9,10.4,5.9,2.4,11.9,12.2,13.9,17.9,7.1,2.5,1.4,4606
Livonia,83088,Michigan,4.7,5.4,6.2,5.4,5.5,5.7,10.5,12.1,16.3,15.6,8.9,6.3,2.7,95888
North Muskegon,83023,Michigan,3.9,3.7,7.2,3.7,6.8,5.0,9.8,11.7,11.7,15.4,11.8,6.8,6.4,3769
Frankenmuth,82927,Michigan,3.2,4.2,6.5,4.2,5.6,4.7,9.1,6.7,12.2,18.5,9.4,9.7,10.1,4934
Suttons Bay,81875,Michigan,2.6,6.0,3.9,6.0,3.5,2.8,4.8,10.7,7.2,16.0,22.3,10.5,9.7,569
Wixom,81432,Michigan,7.3,5.5,6.8,5.5,8.0,9.0,13.5,15.0,18.2,9.9,4.6,1.7,0.6,13640
Wolverine Lake,81146,Michigan,5.4,5.2,6.7,5.2,6.2,3.9,12.0,12.9,17.7,18.0,8.2,3.7,0.3,4357
Farmington,80475,Michigan,6.5,6.7,5.1,6.7,4.7,5.0,16.3,13.9,12.3,13.6,8.2,5.9,1.8,10472
Freeland,79915,Michigan,7.0,9.8,7.5,9.8,4.0,7.3,19.9,13.7,13.8,7.4,4.8,3.6,1.3,7608
Rockford,79779,Michigan,13.6,9.1,4.8,9.1,5.9,6.2,13.2,13.7,14.7,8.8,5.2,2.8,2.0,5876
Brighton,78654,Michigan,4.0,4.2,5.2,4.2,6.3,3.1,15.0,12.0,14.9,14.2,8.7,9.0,3.3,7562
Mackinac Island,78036,Michigan,13.2,0.5,0.3,0.5,12.2,7.8,15.0,8.7,12.3,14.7,9.7,4.7,1.0,600
Stony Point,77981,Michigan,6.7,8.7,4.4,8.7,4.3,12.2,10.1,8.7,9.0,21.3,11.6,1.9,1.1,1410
Richland,77813,Michigan,5.7,7.2,7.5,7.2,4.3,4.7,12.7,8.3,11.2,16.4,8.9,8.6,4.6,858
Goodrich,77031,Michigan,5.4,10.4,10.1,10.4,7.0,2.4,8.6,18.6,14.1,12.0,5.1,3.6,2.8,1851
Chelsea,76250,Michigan,5.9,9.0,3.6,9.0,4.3,4.9,10.9,13.9,12.5,9.4,8.1,6.2,11.3,5085
Woodhaven,76197,Michigan,5.1,6.4,7.5,6.4,7.0,6.5,9.8,14.0,15.8,15.1,9.1,3.0,0.9,12747
Williamston,76058,Michigan,9.1,9.9,8.5,9.9,3.5,5.8,14.5,13.0,11.7,10.4,6.9,4.1,2.7,3855
Harbor Springs,74306,Michigan,2.2,2.5,3.3,2.5,6.3,3.6,6.3,7.7,8.9,21.8,16.8,10.5,10.1,986
Fowler,74107,Michigan,7.9,9.1,9.7,9.1,5.7,4.7,14.9,11.8,10.3,10.0,7.7,6.0,2.2,1252
Lambertville,73591,Michigan,5.0,4.2,8.0,4.2,9.4,4.3,9.9,12.4,17.6,14.5,8.3,5.6,0.9,9988
Portage,73337,Michigan,7.5,6.5,6.9,6.5,5.6,7.6,13.3,13.3,13.6,12.1,7.8,4.1,1.8,47137
Holt,73091,Michigan,6.8,7.8,7.7,7.8,5.6,5.2,12.7,14.4,15.0,13.6,6.0,3.8,1.6,24267
Manchester,73056,Michigan,5.8,5.9,10.2,5.9,9.6,6.9,8.3,12.6,15.5,13.3,4.9,4.3,2.7,2374
Leonard,72857,Michigan,8.4,8.4,7.4,8.4,7.6,1.2,13.3,15.0,11.1,16.7,5.7,3.7,1.7,407
Midland,72700,Michigan,6.0,6.3,6.5,6.3,7.2,7.7,12.9,12.1,13.7,12.2,6.8,5.8,3.0,42067
Allen Park,72472,Michigan,4.7,5.3,6.0,5.3,6.9,6.2,11.8,13.3,14.8,14.4,7.6,6.0,3.0,27869
Temperance,72307,Michigan,4.8,7.6,9.6,7.6,6.7,3.5,9.9,12.4,15.8,13.4,10.4,5.4,0.6,9402
Metamora,72266,Michigan,6.1,11.8,12.6,11.8,8.1,3.0,6.8,18.2,14.9,10.5,5.6,1.8,0.5,603
Romeo,72266,Michigan,5.4,3.0,6.4,3.0,7.2,5.5,12.1,13.1,16.7,14.6,8.7,4.7,2.4,3608
Argentine,72105,Michigan,3.7,6.1,6.0,6.1,7.6,4.5,7.7,10.1,19.9,17.3,8.9,6.1,2.1,2345
Armada,71964,Michigan,4.6,9.1,10.2,9.1,9.2,3.4,8.6,16.2,13.0,9.4,6.9,4.8,4.6,2012
Waverly,71954,Michigan,3.8,4.2,7.0,4.2,5.7,7.7,14.3,11.0,15.1,14.6,9.2,4.4,3.0,24470
Dimondale,71750,Michigan,6.9,5.5,10.2,5.5,4.3,3.1,13.3,9.9,12.1,18.3,10.1,4.4,2.0,1209
Clawson,71417,Michigan,4.7,5.4,3.9,5.4,5.2,4.9,17.1,13.6,17.5,12.4,8.4,4.2,2.7,11943
Linden,71272,Michigan,7.1,8.1,7.8,8.1,4.0,3.6,9.6,15.3,10.5,14.0,9.2,7.3,3.6,3919
Gibraltar,71122,Michigan,3.2,5.1,7.1,5.1,8.2,4.3,8.9,16.1,15.8,15.9,9.3,5.0,1.0,4602
Fraser,71023,Michigan,5.4,5.3,6.6,5.3,6.5,4.2,9.9,12.8,15.7,16.4,9.4,5.5,2.3,14544
Stevensville,70903,Michigan,4.9,4.3,7.6,4.3,5.9,2.7,9.6,13.3,14.6,13.0,9.8,10.4,4.0,1312
Rockwood,70778,Michigan,3.7,4.0,5.6,4.0,7.0,7.6,10.4,14.3,16.3,17.8,8.5,3.0,1.9,3243
Trenton,70619,Michigan,5.2,5.1,5.8,5.1,5.8,5.2,10.5,11.5,16.7,13.2,9.5,8.4,3.1,18635
Bridgman,70536,Michigan,7.2,7.2,5.9,7.2,5.2,6.2,10.0,11.3,11.8,14.4,6.9,9.0,5.1,1963
Sterling Heights,70347,Michigan,5.0,5.8,5.9,5.8,6.3,6.6,13.0,13.2,15.1,13.2,8.4,5.0,2.5,130604
Horton Bay,70250,Michigan,2.0,2.0,7.5,2.0,8.9,8.7,3.8,7.9,18.4,19.0,17.1,2.6,2.2,496
Milan,70246,Michigan,5.0,5.8,9.9,5.8,7.8,6.7,10.8,17.3,12.4,11.6,7.5,3.8,1.4,5724
West Ishpeming,69911,Michigan,3.2,3.4,5.7,3.4,6.6,4.9,9.6,10.2,16.1,20.1,7.7,9.9,2.7,2687
Auburn,69274,Michigan,4.8,4.6,7.1,4.6,6.5,6.5,14.1,8.9,16.3,11.7,10.6,6.1,2.8,2063
Pinckney,69103,Michigan,4.1,7.9,12.3,7.9,6.0,6.9,13.1,19.3,12.7,8.9,5.7,2.2,1.0,2596
Portland,69018,Michigan,7.4,7.7,7.4,7.7,6.5,10.0,11.1,14.0,11.1,14.2,7.0,3.4,0.3,3899
Oxford,68958,Michigan,5.4,6.6,5.0,6.6,4.1,6.3,8.4,14.7,21.9,12.8,9.1,4.7,0.9,3488
Traverse City,68937,Michigan,5.7,5.6,3.9,5.6,5.8,6.3,15.0,11.8,14.7,16.0,7.0,5.0,3.2,15006
Woodland,68594,Michigan,4.3,5.9,4.3,5.9,8.1,6.4,10.9,9.3,23.3,10.2,11.2,5.2,1.0,421
Petoskey,68494,Michigan,2.5,6.8,3.8,6.8,4.1,8.9,14.8,11.7,15.1,13.9,8.4,5.8,4.1,5705
Byron Center,68417,Michigan,6.8,8.2,8.3,8.2,6.9,5.2,7.6,13.7,15.5,11.8,7.1,6.1,2.8,6057
Whitmore Lake,68409,Michigan,6.1,3.8,7.5,3.8,4.0,9.5,15.3,13.1,16.1,13.0,7.4,3.4,1.0,6380
Allendale,68322,Michigan,4.5,5.0,5.4,5.0,24.3,24.5,9.9,8.6,8.0,5.3,2.5,1.5,0.5,18393
Marysville,68299,Michigan,5.0,6.7,6.4,6.7,6.6,4.0,10.4,14.1,13.3,15.0,8.6,6.9,3.0,9842
Greilickville,68208,Michigan,2.8,2.7,4.9,2.7,3.3,6.2,6.2,3.9,11.0,14.6,14.5,21.5,8.5,1960
Jenison,68014,Michigan,6.2,7.8,7.2,7.8,6.8,6.9,11.0,10.0,13.5,12.3,7.9,6.4,3.9,17271
Northview,67938,Michigan,4.2,7.3,6.3,7.3,6.1,6.7,13.2,9.9,14.9,16.3,8.8,4.0,2.4,14954
Edgemont Park,67801,Michigan,6.1,6.1,6.8,6.1,6.8,9.9,14.1,10.9,17.1,8.4,7.3,5.4,1.2,2242
Grand Ledge,67794,Michigan,4.7,7.2,4.6,7.2,9.2,5.9,12.5,11.9,16.5,11.9,6.6,4.9,4.3,7779
Blissfield,67188,Michigan,5.4,8.0,6.3,8.0,6.5,4.2,10.5,15.6,16.4,13.0,7.3,5.2,1.6,3304
Saint Clair Shores,67086,Michigan,4.5,4.8,6.3,4.8,5.3,4.7,14.2,11.3,16.1,14.3,8.0,6.8,3.7,59865
Flushing,66875,Michigan,6.5,6.0,5.8,6.0,5.7,5.1,12.1,10.8,13.2,14.6,10.6,6.0,3.6,8252
Saint Joseph,66863,Michigan,4.6,1.9,4.1,1.9,4.0,9.4,14.4,12.6,14.4,16.4,8.1,4.7,5.5,8310
South Rockwood,66806,Michigan,6.2,4.7,6.8,4.7,7.5,10.8,13.7,10.5,15.5,12.3,7.8,3.7,0.6,1943
Wyandotte,66762,Michigan,4.9,4.9,6.3,4.9,6.6,4.7,14.3,13.7,16.0,14.7,7.6,3.8,2.6,25470
Grass Lake,66071,Michigan,5.4,7.8,4.3,7.8,9.1,12.2,11.5,12.9,15.0,12.2,5.9,2.6,1.2,1300
Norton Shores,66060,Michigan,5.4,5.3,4.9,5.3,7.4,5.3,11.6,11.4,15.4,14.5,9.6,6.6,2.6,23941
Mendon,65729,Michigan,6.1,10.9,9.9,10.9,9.3,4.8,9.3,15.9,14.9,9.7,5.0,3.6,0.7,881
Grandville,65718,Michigan,5.9,8.0,7.0,8.0,5.2,6.1,16.4,11.4,12.4,12.3,9.6,4.3,1.5,15613
Lake Isabella Village,65598,Michigan,8.3,6.1,5.1,6.1,2.9,2.4,14.9,11.9,14.3,12.1,13.9,7.4,0.8,1811
Shields,65476,Michigan,4.7,5.3,7.1,5.3,7.7,4.6,8.4,11.5,14.9,13.0,11.8,7.2,3.8,6430
Southgate,65327,Michigan,4.6,4.0,5.3,4.0,6.2,8.0,12.5,13.5,13.6,15.2,9.0,5.4,2.8,29710
Douglas,65096,Michigan,4.2,4.0,3.8,4.0,1.1,2.4,5.4,6.6,13.6,27.5,16.4,5.7,9.4,1046
Oak Hill,65074,Michigan,6.4,10.8,1.3,10.8,9.5,4.1,10.2,21.0,13.0,10.5,5.1,5.4,2.8,610
Walker,65029,Michigan,5.6,5.9,6.7,5.9,6.6,8.7,16.2,12.2,12.2,13.9,6.5,3.5,2.1,24015
Pearl Beach,64926,Michigan,0.9,2.4,5.6,2.4,5.7,2.9,4.2,9.3,17.3,24.3,16.1,7.6,3.9,3114
Westphalia,64712,Michigan,6.2,4.7,7.4,4.7,4.7,6.3,7.0,10.0,12.7,11.3,15.8,11.9,2.0,838
Holly,64489,Michigan,5.5,7.3,8.7,7.3,9.2,5.9,11.7,17.0,13.8,9.5,6.5,3.7,1.3,6142
Hancock,64318,Michigan,4.4,3.1,4.4,3.1,7.0,16.4,12.7,8.8,9.7,13.0,7.7,7.3,5.5,4622
Saugatuck,64167,Michigan,4.3,6.9,4.2,6.9,2.4,2.2,7.9,10.8,13.4,21.0,13.9,9.3,3.9,883
Manitou Beach-Devils Lake,64063,Michigan,1.5,4.3,1.6,4.3,2.8,1.7,8.3,13.2,19.7,24.0,16.1,6.1,0.7,2129
Utica,63925,Michigan,3.9,6.5,3.2,6.5,5.8,6.0,16.5,12.1,14.5,14.2,7.3,5.4,4.6,4747
Saint James,63750,Michigan,1.4,0.9,11.9,0.9,6.4,1.8,1.8,8.7,14.2,20.6,17.0,11.0,4.1,218
Emmett,63750,Michigan,8.4,5.3,10.2,5.3,10.2,5.9,11.2,5.0,21.4,9.6,3.4,8.1,1.6,323
Riverview,63680,Michigan,6.2,5.5,5.9,5.5,5.8,5.7,12.1,11.3,12.7,12.2,10.3,7.2,5.1,12347
Canadian Lakes,63583,Michigan,4.7,2.9,3.2,2.9,2.2,2.3,4.7,15.5,7.4,15.8,23.7,13.2,4.5,2793
Trowbridge Park,63565,Michigan,4.4,4.7,2.2,4.7,4.5,13.3,15.3,8.9,16.9,14.3,8.4,5.5,1.7,2227
Maybee,63438,Michigan,4.8,5.7,7.2,5.7,5.9,3.5,15.6,10.9,14.3,21.3,7.2,0.7,2.8,540
Deerfield,63393,Michigan,7.6,8.6,4.2,8.6,10.0,5.1,6.7,13.7,15.9,12.6,10.9,2.7,2.0,839
Hubbardston,63214,Michigan,4.1,8.1,9.4,8.1,5.9,2.8,9.4,9.7,12.8,17.5,6.9,8.7,5.0,321
Carleton,63203,Michigan,7.0,7.4,6.4,7.4,3.6,9.3,18.6,13.2,8.7,14.6,4.4,5.7,1.1,2332
Spring Lake,63200,Michigan,4.6,5.6,6.0,5.6,3.7,4.1,10.6,12.1,13.0,17.0,11.4,7.3,4.4,2413
Chums Corner,63182,Michigan,6.3,13.8,1.7,13.8,10.1,5.0,10.3,22.0,10.8,14.2,2.4,1.6,1.7,862
Saint Clair,62888,Michigan,4.6,8.1,7.2,8.1,4.6,5.9,13.7,12.3,16.5,12.6,7.9,5.5,1.1,5428
Mason,62826,Michigan,6.3,6.1,7.9,6.1,4.6,8.3,13.8,15.6,13.9,10.5,6.1,5.5,1.4,8266
Swartz Creek,62821,Michigan,5.6,5.8,6.4,5.8,6.3,3.8,13.5,10.6,13.0,12.6,11.7,8.9,1.8,5664
Middletown,62813,Michigan,4.2,1.6,1.1,1.6,7.6,8.9,19.3,5.4,18.3,13.5,12.8,7.1,0.3,742
Montague,62734,Michigan,6.9,7.6,5.5,7.6,8.5,2.9,12.0,10.8,13.4,14.9,9.3,7.1,1.2,2263
Mulliken,62647,Michigan,10.7,11.9,5.6,11.9,4.9,7.3,17.0,14.6,8.2,10.4,6.8,1.4,1.2,588
Essexville,62366,Michigan,4.3,7.3,7.2,7.3,6.4,3.7,12.3,10.8,14.0,15.2,10.3,6.0,2.7,3451
Tecumseh,62364,Michigan,4.6,6.3,8.3,6.3,6.8,3.9,12.4,13.9,13.4,15.0,9.0,4.9,1.7,8407
Southfield,62248,Michigan,5.3,5.1,6.0,5.1,6.1,5.9,11.6,12.4,13.8,15.4,9.6,5.4,3.4,72480
Morrice,62083,Michigan,8.3,9.6,5.0,9.6,3.6,7.4,14.7,14.9,18.2,8.9,6.5,2.4,0.6,1065
De Tour Village,61875,Michigan,0.5,1.4,4.7,1.4,2.8,0.9,2.8,10.8,5.1,17.3,35.5,10.8,7.5,214
Garden City,61854,Michigan,6.4,5.4,5.9,5.4,6.3,6.0,12.6,14.2,16.5,12.6,7.2,4.9,2.1,27356
Auburn Hills,61814,Michigan,6.3,4.4,4.4,4.4,9.8,11.6,18.6,12.4,11.7,10.2,6.1,3.3,1.2,21639
Marquette,61771,Michigan,3.9,3.0,3.6,3.0,10.1,22.8,13.9,7.5,10.7,11.7,6.2,4.3,2.3,21430
Comstock Northwest,61538,Michigan,8.6,5.1,5.9,5.1,4.8,9.3,16.5,14.0,11.2,13.0,4.6,5.3,1.5,5769
Indian River,61512,Michigan,4.0,8.5,6.1,8.5,5.3,3.8,11.1,9.1,13.5,13.2,13.8,9.4,2.3,1977
Paw Paw Lake,61489,Michigan,2.7,3.7,4.7,3.7,9.4,4.2,14.8,10.7,17.1,13.1,8.9,6.1,4.6,3639
Kentwood,61381,Michigan,7.0,6.4,5.6,6.4,7.3,8.7,16.3,12.2,14.7,10.5,5.8,4.0,1.7,49736
Dansville,61250,Michigan,10.4,8.1,7.7,8.1,7.2,5.1,12.8,16.6,13.4,12.8,3.0,2.3,0.6,470
Walled Lake,61141,Michigan,6.8,4.8,4.2,4.8,6.5,5.8,14.8,12.6,16.8,13.5,7.2,5.3,1.8,7065
Schoolcraft,61012,Michigan,5.6,5.9,4.7,5.9,5.6,10.4,15.5,10.6,16.0,10.9,5.9,6.3,2.8,1657
Northport,60909,Michigan,2.0,4.1,8.0,4.1,8.1,3.3,8.1,9.2,9.5,18.2,15.9,10.8,2.9,665
Climax,60865,Michigan,7.0,5.9,6.1,5.9,8.9,3.6,11.0,13.4,15.5,15.5,9.7,2.2,1.3,785
Grand Blanc,60833,Michigan,7.1,6.0,7.6,6.0,5.9,9.2,8.9,10.5,16.0,11.7,6.7,4.8,5.6,8147
Brooklyn,60750,Michigan,6.8,8.4,6.1,8.4,6.3,4.0,7.8,10.7,13.6,11.1,10.5,9.0,5.7,1240
Ortonville,60625,Michigan,4.2,11.2,10.6,11.2,6.7,4.6,10.2,11.3,20.0,12.4,5.6,2.2,1.1,1488
Onsted,60568,Michigan,7.1,6.6,9.2,6.6,4.3,7.6,11.1,9.4,13.5,11.1,12.3,5.5,2.4,820
Coloma,60481,Michigan,8.0,6.9,9.9,6.9,8.4,2.9,14.8,12.6,16.3,8.3,6.8,3.8,1.4,1705
Clinton,60417,Michigan,8.3,7.5,7.7,7.5,4.4,5.3,16.5,14.4,11.6,14.2,4.1,4.2,1.8,2229
Level Park-Oak Park,60250,Michigan,2.8,5.3,7.0,5.3,5.1,5.5,11.8,10.2,18.5,17.7,10.7,4.5,1.0,3438
Birch Run,60156,Michigan,4.9,6.8,10.3,6.8,6.7,6.7,10.2,15.6,11.5,11.5,6.6,7.2,2.0,1537
Hudsonville,60144,Michigan,7.4,8.1,7.0,8.1,6.4,10.9,12.2,11.3,14.9,8.9,4.1,6.4,2.5,7217
Petersburg,59844,Michigan,5.0,5.7,7.9,5.7,7.3,9.3,9.0,12.0,20.1,12.8,6.3,2.9,1.9,1395
Flat Rock,59821,Michigan,8.0,6.9,6.2,6.9,8.6,4.0,12.6,15.5,14.6,13.7,6.3,2.4,1.4,9859
Caseville,59792,Michigan,5.1,6.4,4.7,6.4,2.0,4.4,11.7,4.7,15.8,16.1,18.5,5.5,5.0,843
Almont,59559,Michigan,6.5,6.6,6.3,6.6,6.2,7.4,9.2,16.0,13.6,16.6,7.3,3.0,1.2,2670
Ravenna,59545,Michigan,6.5,8.1,10.5,8.1,6.0,4.9,12.9,14.7,14.4,6.6,8.0,6.2,1.3,1193
Richmond,59313,Michigan,6.2,8.8,6.6,8.8,6.2,5.2,12.6,14.1,12.9,14.9,7.3,3.2,2.0,5806
Coopersville,59289,Michigan,8.6,10.3,5.1,10.3,5.6,9.7,16.7,9.9,15.2,8.1,5.7,3.1,2.2,4309
Colon,59167,Michigan,8.5,7.3,5.4,7.3,2.5,7.9,14.3,11.5,13.2,11.9,10.4,4.1,3.1,1214
Daggett,59063,Michigan,6.0,6.0,11.2,6.0,7.8,2.2,9.0,15.3,12.7,10.5,11.9,5.2,2.2,268
Watervliet,58750,Michigan,7.8,8.8,10.2,8.8,6.0,3.5,15.4,10.8,15.7,9.3,8.6,2.8,1.1,1949
Ellsworth,58750,Michigan,4.7,2.8,2.8,2.8,12.2,5.4,11.2,25.5,11.0,13.6,4.9,2.8,3.0,427
Reese,58375,Michigan,7.5,6.6,5.8,6.6,4.5,7.3,13.7,9.4,14.4,11.8,12.2,5.7,1.1,1590
Ferndale,58372,Michigan,6.1,4.1,4.4,4.1,4.6,7.4,23.5,15.6,13.9,12.1,4.4,2.9,1.0,20102
Hanover,58333,Michigan,8.0,9.0,8.8,9.0,4.0,6.2,13.0,14.0,14.9,12.8,4.3,4.0,1.2,423
Burt,58163,Michigan,8.2,3.8,11.6,3.8,4.3,6.9,12.1,12.8,10.7,15.9,9.4,3.0,1.3,1095
Elk Rapids,58162,Michigan,2.3,4.4,5.8,4.4,5.6,4.2,7.8,7.0,13.2,17.4,16.6,12.0,3.8,1558
Hemlock,58158,Michigan,3.5,9.3,5.8,9.3,9.3,4.8,5.8,23.1,14.5,8.8,7.9,6.4,0.9,1397
Dollar Bay,57841,Michigan,7.5,10.6,7.8,10.6,7.1,4.1,12.3,12.4,14.3,12.4,4.8,5.4,1.3,896
Buchanan,57684,Michigan,4.7,4.9,8.6,4.9,5.5,4.7,11.7,15.7,8.1,18.7,9.6,5.3,2.7,4426
Onekama,57639,Michigan,4.6,5.9,3.6,5.9,5.3,7.0,5.5,6.7,24.4,17.3,11.6,4.6,3.6,475
Vicksburg,57569,Michigan,7.4,7.8,8.1,7.8,7.4,4.5,19.1,11.4,12.0,10.6,6.5,3.9,1.3,2894
New Era,57321,Michigan,6.9,6.9,7.7,6.9,7.7,6.6,9.3,11.0,13.0,17.8,6.6,5.7,0.9,562
Wayland,57321,Michigan,5.3,11.6,10.2,11.6,10.4,5.2,11.2,16.1,12.4,8.9,2.9,4.7,1.3,4082
Dowling,56944,Michigan,3.7,4.5,8.3,4.5,7.7,5.1,9.9,22.9,13.1,8.8,7.5,6.7,1.9,375
Vandercook Lake,56902,Michigan,6.6,7.1,9.2,7.1,5.7,10.2,9.4,12.6,11.7,14.3,6.6,4.4,2.3,4690
Sheridan,56875,Michigan,2.9,6.9,7.2,6.9,4.0,3.4,11.7,13.8,12.7,18.4,9.8,5.6,3.7,624
Pewamo,56875,Michigan,3.9,6.2,8.7,6.2,5.9,3.6,12.8,9.1,16.6,13.4,8.4,7.5,3.9,439
Kingsley,56688,Michigan,7.3,5.4,8.5,5.4,10.1,3.6,14.6,19.4,11.2,8.9,6.6,3.6,0.8,1568
Britton,56667,Michigan,7.7,6.0,8.3,6.0,9.8,5.1,14.8,17.8,13.2,10.8,2.4,3.0,1.1,703
Westwood,56476,Michigan,6.3,4.5,3.1,4.5,3.4,13.9,22.8,8.4,12.2,8.3,8.8,5.2,3.2,9091
Keego Harbor,56471,Michigan,7.6,4.8,8.8,4.8,5.3,4.6,16.4,14.4,16.5,13.0,5.1,3.3,0.5,3003
Hastings,56379,Michigan,5.0,6.9,8.1,6.9,7.4,5.8,13.5,10.4,13.5,13.5,6.3,5.7,3.8,7313
Westland,56311,Michigan,5.9,5.1,5.9,5.1,6.7,7.5,14.3,12.7,14.8,12.5,7.5,4.8,2.5,83188
Memphis,56154,Michigan,4.6,7.4,9.5,7.4,9.4,3.9,8.8,16.8,17.6,10.9,4.7,4.3,2.3,1200
L Anse,56058,Michigan,7.0,5.2,5.5,5.2,5.6,5.2,9.9,10.5,14.8,12.5,10.3,9.3,4.4,2077
Charlevoix,56042,Michigan,7.5,5.0,4.0,5.0,4.0,4.5,11.5,9.1,12.5,13.7,13.3,11.4,3.4,2527
Napoleon,56005,Michigan,4.2,13.1,4.6,13.1,7.1,6.3,9.6,10.0,16.0,15.9,6.4,4.0,2.9,1239
New Haven,56003,Michigan,7.6,10.3,4.3,10.3,5.2,7.9,15.7,19.9,12.7,8.6,3.6,3.4,0.8,4665
Boyne City,55893,Michigan,6.8,7.3,7.2,7.3,5.3,6.6,15.6,8.7,13.1,14.5,9.1,3.5,2.4,3753
Cedar,55893,Michigan,9.4,9.4,3.5,9.4,4.7,8.2,12.9,14.1,8.2,10.6,9.4,7.1,2.4,85
Bellaire,55893,Michigan,2.3,3.7,7.6,3.7,10.4,5.2,7.2,12.7,18.4,15.0,8.0,6.9,2.7,943
Vernon,55819,Michigan,2.8,7.8,4.5,7.8,11.1,2.8,11.8,17.4,12.1,11.6,11.3,4.7,2.3,1020
Belleville,55764,Michigan,6.7,8.1,7.8,8.1,7.0,5.0,11.0,14.6,13.7,13.4,5.2,5.3,2.3,3914
Ubly,55750,Michigan,5.7,4.7,7.1,4.7,6.8,3.7,11.3,13.5,9.6,16.7,12.4,4.9,3.6,750
Negaunee,55721,Michigan,4.7,5.0,7.8,5.0,6.8,6.4,12.9,14.8,11.2,12.0,7.9,6.0,4.6,4608
Howell,55652,Michigan,6.8,6.6,7.3,6.6,6.8,6.1,15.7,14.5,13.8,9.1,5.1,5.2,3.1,9543
Beechwood,55556,Michigan,5.2,5.4,8.7,5.4,7.5,7.8,12.6,16.0,13.0,13.3,5.6,3.1,1.7,3090
Jonesville,55481,Michigan,4.9,4.9,7.6,4.9,10.5,5.1,7.6,9.3,14.2,14.1,12.8,6.5,2.6,2226
Dearborn,55420,Michigan,8.1,8.0,8.9,8.0,7.4,7.2,12.9,12.5,12.1,11.1,5.7,3.8,2.4,96739
Freeport,55417,Michigan,6.3,7.5,8.5,7.5,9.7,6.1,14.0,11.0,16.2,10.3,7.7,2.0,0.6,493
Harvey,55188,Michigan,4.0,5.3,6.9,5.3,4.0,6.0,14.4,10.7,17.1,16.7,7.8,5.9,1.3,1733
South Haven,55083,Michigan,5.1,5.3,5.2,5.3,6.5,6.5,9.1,7.3,14.7,16.6,11.5,7.7,4.7,4367
Wyoming,55009,Michigan,7.9,7.3,6.6,7.3,6.1,8.5,16.8,13.3,13.5,11.0,4.9,3.0,1.2,73434
Allen,55000,Michigan,11.5,0.9,8.4,0.9,4.4,4.4,8.8,7.9,25.6,7.9,8.4,10.1,1.8,227
Centreville,54844,Michigan,4.2,6.0,4.9,6.0,8.7,7.4,13.4,12.7,14.8,13.6,7.7,4.7,1.9,1700
Harper Woods,54835,Michigan,4.6,8.1,6.7,8.1,9.1,6.8,11.1,14.2,14.4,13.8,4.8,3.8,2.7,14058
Gladstone,54830,Michigan,7.2,7.2,6.4,7.2,5.5,4.9,11.2,11.1,14.6,11.1,8.6,8.9,3.4,4920
Fruitport,54808,Michigan,5.8,5.1,7.7,5.1,7.2,4.3,11.4,10.5,17.2,13.9,9.4,5.7,1.7,1270
Whitehall,54773,Michigan,5.7,6.9,9.0,6.9,4.8,3.0,11.7,12.1,15.0,11.0,11.8,5.9,3.1,2694
Middleville,54763,Michigan,8.4,10.0,10.5,10.0,6.8,2.8,16.4,12.2,9.2,9.5,7.9,3.8,2.8,3307
Prescott,54750,Michigan,2.1,5.2,3.1,5.2,17.5,5.8,3.8,26.8,16.8,10.0,3.4,2.4,3.1,291
Zilwaukee,54750,Michigan,4.1,7.3,5.7,7.3,5.7,13.6,10.3,10.1,13.9,12.7,10.2,4.5,2.1,1699
Olivet,54722,Michigan,1.9,3.4,6.2,3.4,24.5,18.8,11.8,5.3,14.7,4.7,5.5,2.6,0.6,1631
Munising,54708,Michigan,4.9,4.6,4.3,4.6,4.3,3.7,16.3,10.9,12.7,14.4,11.6,8.0,4.4,2116
Pentwater,54643,Michigan,2.7,10.2,3.9,10.2,1.3,5.1,8.1,4.4,8.8,21.0,24.2,5.1,5.2,977
Algonac,54643,Michigan,5.2,1.9,7.8,1.9,4.4,5.3,15.7,8.0,14.0,19.6,11.4,5.2,1.4,4065
Luna Pier,54615,Michigan,5.9,9.5,6.7,9.5,4.5,2.7,15.8,9.1,13.9,19.4,7.2,2.9,2.4,1397
Shepherd,54583,Michigan,4.2,3.8,7.2,3.8,5.9,8.3,12.2,12.8,15.5,14.5,8.3,4.9,2.5,1564
Dundee,54496,Michigan,9.1,3.7,7.0,3.7,7.2,2.9,16.4,15.2,11.9,13.1,5.3,6.5,1.7,3943
Grand Haven,54410,Michigan,7.5,4.4,5.0,4.4,4.0,8.5,13.6,9.9,11.3,17.2,9.5,4.8,4.4,10687
Saint Charles,54375,Michigan,3.0,6.6,8.7,6.6,6.0,7.8,7.3,13.5,15.3,16.3,10.9,2.3,2.3,2016
Hubbard Lake,54338,Michigan,0.6,1.9,1.2,1.9,1.3,0.5,2.6,5.7,7.7,17.5,37.0,19.6,4.8,863
Beal City,54333,Michigan,4.5,8.1,10.0,8.1,8.6,2.1,19.3,12.9,15.5,5.5,7.4,3.6,2.6,420
Monroe,54303,Michigan,6.6,8.2,5.6,8.2,6.8,7.0,12.9,12.6,14.2,13.0,6.7,4.2,2.3,20455
South Monroe,54146,Michigan,4.4,4.2,7.9,4.2,7.0,7.5,5.8,15.4,13.3,13.9,9.6,6.6,4.6,6622
Eastlake Village,54063,Michigan,1.2,3.0,8.7,3.0,2.8,1.8,6.1,7.7,14.5,24.6,18.2,8.7,2.8,496
Estral Beach,53977,Michigan,4.6,6.1,2.2,6.1,7.1,7.1,8.4,6.9,16.5,27.5,9.5,2.4,1.7,462
Perry,53889,Michigan,5.9,8.1,9.1,8.1,3.9,6.4,11.8,17.1,16.0,11.5,5.0,3.1,2.0,1923
Ashley,53750,Michigan,1.4,8.0,6.6,8.0,3.4,5.0,8.6,13.0,14.2,11.6,12.6,7.2,8.6,501
New Troy,53750,Michigan,4.8,5.7,10.9,5.7,11.1,3.4,5.4,18.1,15.8,9.0,11.5,3.4,0.9,558
Unionville,53636,Michigan,1.6,5.1,5.6,5.1,5.4,3.1,9.6,10.7,17.2,16.9,8.9,13.8,2.2,449
Bessemer,53603,Michigan,6.0,4.1,5.1,4.1,7.8,9.0,8.5,7.2,17.6,17.4,9.7,5.7,2.2,1974
Quinnesec,53353,Michigan,1.3,2.0,10.1,2.0,11.5,1.8,4.4,15.4,12.2,20.5,13.9,4.5,2.4,1105
Houghton,53333,Michigan,2.8,2.9,3.0,2.9,16.4,37.9,10.0,7.3,5.2,5.1,5.3,2.3,1.8,7897
Lennon,53333,Michigan,4.2,6.9,4.9,6.9,4.9,5.2,9.1,13.2,18.6,17.2,10.5,3.9,1.5,408
Bay Port,53333,Michigan,0.7,5.6,4.7,5.6,5.8,5.8,13.1,10.3,17.0,21.0,8.4,7.0,0.7,429
Hudson,53250,Michigan,7.7,7.7,9.0,7.7,9.4,7.5,11.7,12.7,14.4,12.9,3.4,2.8,0.8,2431
Cass City,53201,Michigan,6.1,5.2,8.0,5.2,6.3,6.0,12.6,12.2,12.0,11.7,7.5,8.7,3.8,2592
Lawton,53173,Michigan,3.1,7.5,8.3,7.5,9.8,4.4,12.8,11.3,15.6,12.6,6.4,3.2,5.1,1698
Attica,53125,Michigan,5.1,5.9,6.8,5.9,12.3,6.4,7.7,13.2,13.3,11.6,10.1,6.5,1.2,782
Lowell,53125,Michigan,7.4,8.0,5.2,8.0,7.8,2.8,15.7,9.4,11.5,14.5,8.5,4.3,4.7,3838
Athens,53000,Michigan,4.2,7.1,9.2,7.1,7.3,6.3,13.8,10.9,16.1,13.0,4.8,5.0,2.5,1071
Dearborn Heights,52924,Michigan,7.0,7.2,6.4,7.2,6.3,6.4,12.7,12.6,13.3,12.7,7.2,5.7,2.6,57063
Oak Park,52904,Michigan,6.1,6.5,7.1,6.5,7.1,7.9,12.7,14.4,13.1,11.5,6.9,4.5,2.0,29622
Marine City,52857,Michigan,6.4,5.1,6.2,5.1,6.8,4.6,11.5,12.7,19.2,12.2,7.3,5.5,2.6,4193
Clarksville,52813,Michigan,9.1,5.8,5.0,5.8,3.8,8.6,20.7,8.3,9.8,8.1,12.1,3.3,5.5,397
Levering,52778,Michigan,0.8,8.2,8.2,8.2,8.6,5.9,12.9,8.6,29.8,11.0,2.4,2.4,1.2,255
Webberville,52778,Michigan,5.1,6.7,5.3,6.7,7.0,4.0,15.8,12.1,16.3,18.0,6.5,3.2,0.3,1186
Laingsburg,52734,Michigan,6.7,5.5,8.9,5.5,12.5,4.0,12.0,16.5,9.6,14.7,4.8,3.0,1.8,1283
Warren,52656,Michigan,6.2,6.3,6.3,6.3,6.7,7.0,12.5,12.7,14.7,11.9,7.4,5.5,2.8,134398
Bellevue,52583,Michigan,5.3,6.3,4.8,6.3,7.3,6.7,12.1,12.7,15.2,13.3,9.1,5.7,1.5,1304
Eagle,52417,Michigan,4.8,8.2,3.4,8.2,13.6,3.4,12.2,19.1,19.7,4.8,8.2,1.4,1.4,147
Cutlerville,52414,Michigan,7.3,7.1,5.1,7.1,7.9,6.4,14.2,13.1,14.5,10.7,8.0,3.9,2.0,14533
Charlotte,52405,Michigan,6.4,4.9,6.3,4.9,6.6,5.8,15.5,12.6,12.1,11.4,9.3,5.8,3.5,9053
Detroit Beach,52321,Michigan,7.1,6.2,7.3,6.2,8.2,3.8,13.0,18.2,19.7,6.0,9.2,0.7,0.8,2209
Burton,52271,Michigan,5.3,5.5,7.3,5.5,6.4,7.0,11.7,12.7,16.8,13.3,7.4,5.1,1.7,29429
Yale,52250,Michigan,5.3,5.6,6.5,5.6,8.4,6.4,11.0,9.5,16.5,12.4,9.4,5.9,3.2,1843
Sparta,52237,Michigan,6.5,7.1,9.3,7.1,6.4,4.5,16.0,13.4,15.7,8.6,4.6,4.6,3.4,4199
Kingsford,52163,Michigan,5.3,3.8,7.0,3.8,7.1,3.3,7.9,12.2,17.9,14.6,9.4,7.1,4.4,5115
New Lothrop,52083,Michigan,4.4,4.4,6.5,4.4,5.9,10.5,9.7,11.6,12.8,12.6,10.3,7.1,4.2,476
Stockbridge,52008,Michigan,5.9,6.5,5.1,6.5,6.1,5.2,11.6,9.4,17.1,14.3,11.2,5.7,2.0,1111
Norway,51982,Michigan,3.3,3.3,6.1,3.3,5.5,9.8,8.3,10.9,16.2,14.1,13.4,4.7,4.4,2843
Berrien Springs,51964,Michigan,5.7,7.0,5.2,7.0,4.8,8.2,12.3,10.2,15.3,11.9,11.3,4.0,4.0,1338
Fremont,51861,Michigan,4.8,7.5,5.7,7.5,8.2,7.7,9.1,12.6,11.6,12.7,10.9,7.2,2.0,4065
Mount Pleasant,51859,Michigan,3.4,3.8,2.4,3.8,22.1,30.2,11.9,5.7,6.8,6.4,3.7,2.2,1.5,26095
Fenton,51761,Michigan,6.5,7.1,6.4,7.1,6.8,9.0,12.4,13.2,13.4,10.3,6.4,5.8,2.8,11601
New Buffalo,51750,Michigan,5.5,5.4,5.3,5.4,4.0,5.3,10.7,12.3,14.1,16.6,11.4,7.3,2.1,1890
Peck,51750,Michigan,5.2,8.4,7.3,8.4,6.8,8.9,9.2,15.1,11.9,11.2,9.1,5.6,1.3,750
Marshall,51654,Michigan,5.3,4.5,6.5,4.5,4.1,5.7,15.3,12.8,13.7,12.6,9.1,6.6,3.7,7054
Frankfort,51563,Michigan,5.1,8.0,4.5,8.0,3.2,3.9,13.1,7.3,8.3,16.0,13.1,10.9,6.8,1417
Saint Johns,51371,Michigan,6.0,7.0,7.0,7.0,7.0,4.5,14.3,10.3,13.8,12.3,8.5,6.5,2.7,7933
Holland,51254,Michigan,8.3,6.1,6.1,6.1,12.0,10.9,13.8,10.3,11.0,8.8,4.6,5.3,2.8,33342
East Tawas,51250,Michigan,7.9,3.1,3.9,3.1,5.7,5.9,4.4,11.6,11.3,19.7,13.6,8.6,4.4,2773
South Range,51111,Michigan,8.9,9.3,3.0,9.3,5.9,10.8,15.0,7.9,11.3,12.5,8.7,3.2,3.6,761
Concord,51058,Michigan,8.5,10.9,4.7,10.9,4.4,8.5,9.6,8.9,16.8,11.0,11.0,4.8,0.8,1124
Gaylord,50732,Michigan,5.5,7.3,5.0,7.3,4.1,5.5,15.6,8.2,14.8,14.4,9.1,4.1,6.6,3651
Romulus,50721,Michigan,6.8,7.7,7.2,7.7,7.7,6.4,13.2,13.7,14.2,12.3,6.5,3.4,1.1,23721
Iron Mountain,50719,Michigan,7.0,6.5,7.5,6.5,4.6,4.6,16.2,10.6,13.3,12.7,7.1,6.2,3.8,7593
Lake Odessa,50703,Michigan,5.5,6.5,3.2,6.5,8.5,4.2,18.3,12.2,16.2,12.0,4.5,4.0,5.0,1949
Sebewaing,50556,Michigan,4.0,2.6,4.9,2.6,5.0,5.7,10.2,9.7,14.0,21.0,9.0,9.4,4.7,1654
Barnes Lake-Millers Lake,50433,Michigan,3.7,13.4,17.3,13.4,3.1,1.6,8.6,9.3,7.6,10.6,14.6,6.4,3.8,932
Belding,50430,Michigan,6.0,7.3,9.3,7.3,7.8,6.3,11.6,14.0,14.9,9.5,7.4,4.2,1.8,5764
Canada Creek Ranch,50417,Michigan,2.2,1.8,2.2,1.8,2.9,4.0,4.4,1.8,3.6,18.5,41.7,8.3,8.7,276
Le Roy,50417,Michigan,5.3,1.0,10.2,1.0,8.9,9.2,9.2,10.5,18.4,15.1,4.9,3.9,3.6,305
Baroda,50417,Michigan,6.0,4.1,7.4,4.1,3.2,5.7,15.7,12.4,17.6,15.8,6.9,4.5,0.9,824
Zeeland,50403,Michigan,7.3,6.3,8.2,6.3,5.3,7.1,10.3,12.1,13.5,7.7,8.3,5.9,8.1,5566
Parma,50357,Michigan,5.7,8.7,12.6,8.7,11.8,2.5,12.0,11.8,19.6,8.5,4.4,1.9,0.4,989
Ishpeming,50294,Michigan,9.9,4.9,6.3,4.9,3.4,5.0,13.1,14.1,15.9,13.2,6.7,4.5,3.1,6514
Merrill,50250,Michigan,8.4,6.9,8.2,6.9,7.2,8.4,10.9,12.9,13.7,8.7,5.4,7.5,1.8,723
Lakewood Club,50250,Michigan,6.7,5.1,6.5,5.1,5.0,6.1,16.9,13.2,16.8,13.9,7.3,2.2,0.3,1200
Byron,50208,Michigan,3.1,10.6,12.7,10.6,3.5,6.6,15.8,10.5,12.1,12.3,10.5,2.0,0.4,545
Imlay City,50151,Michigan,5.7,8.1,9.4,8.1,7.3,9.9,10.4,13.9,9.9,12.4,6.0,5.5,1.6,3588
Garden,50139,Michigan,2.9,3.3,2.4,3.3,7.6,1.0,3.8,8.1,15.2,24.3,16.2,7.1,8.1,210
Pigeon,50000,Michigan,9.9,4.7,3.3,4.7,3.7,6.4,13.1,6.7,15.9,9.8,8.9,10.9,6.8,1221
Augusta,49926,Michigan,4.7,7.4,10.2,7.4,4.4,6.4,14.4,12.8,16.7,9.2,8.3,4.8,0.8,870
Central Lake,49821,Michigan,7.2,4.3,8.8,4.3,7.6,6.4,10.7,9.0,16.0,16.1,9.7,3.2,0.9,1063
Capac,49803,Michigan,5.0,10.6,9.5,10.6,9.5,8.9,11.7,12.4,15.8,8.2,4.2,3.3,0.9,2036
Durand,49741,Michigan,4.1,4.1,7.6,4.1,9.6,6.3,7.2,13.6,13.8,12.5,12.2,4.5,4.5,3396
Madison Heights,49706,Michigan,6.3,4.6,4.9,4.6,6.3,6.9,17.1,13.9,13.6,12.5,7.2,4.9,1.8,30028
Hopkins,49688,Michigan,7.5,5.5,13.2,5.5,8.6,5.5,14.1,18.0,6.9,10.2,4.4,4.9,1.2,654
Saranac,49567,Michigan,7.6,15.0,6.7,15.0,5.2,3.4,12.7,13.1,11.6,13.2,5.0,4.2,2.3,1469
Roseville,49530,Michigan,6.2,6.6,6.4,6.6,6.4,6.3,14.0,13.6,15.0,12.4,6.4,4.2,2.6,47408
Ithaca,49393,Michigan,3.2,4.1,7.1,4.1,11.0,6.8,10.2,10.9,18.3,12.3,8.2,5.8,2.2,2875
Gwinn,49388,Michigan,2.9,2.1,4.8,2.1,9.3,5.4,9.3,14.1,17.3,16.0,10.7,4.8,3.5,2063
Fife Lake,49375,Michigan,5.9,4.7,5.6,4.7,1.5,5.6,15.5,10.2,17.8,17.0,10.2,4.7,1.5,342
Caro,49286,Michigan,6.5,4.1,3.6,4.1,6.6,7.6,15.5,9.9,14.4,11.3,9.2,7.8,3.5,4164
Martin,49286,Michigan,13.6,12.2,4.1,12.2,2.2,8.4,12.9,9.6,12.7,11.5,10.1,2.4,0.5,418
Maple Rapids,49265,Michigan,7.3,4.0,5.3,4.0,7.3,7.1,12.3,12.7,16.3,11.3,12.7,3.3,0.3,644
Plainwell,49199,Michigan,5.7,5.2,6.6,5.2,6.1,6.3,12.0,17.3,12.4,12.5,7.6,5.9,2.3,3798
Minden City,49167,Michigan,7.7,9.6,5.7,9.6,10.5,1.9,7.7,14.8,14.8,17.2,4.3,2.9,2.9,209
Eastpointe,49167,Michigan,5.7,7.0,8.4,7.0,8.2,7.0,12.2,14.8,13.4,11.9,6.0,3.4,2.2,32526
Port Sanilac,49167,Michigan,2.6,3.8,3.6,3.8,5.7,7.9,8.1,6.9,14.4,16.0,21.0,5.9,4.2,506
Au Sable,49107,Michigan,4.3,2.6,3.2,2.6,6.3,3.8,14.0,6.0,19.0,14.2,16.5,9.0,1.1,1327
Fair Plain,48942,Michigan,6.2,8.2,7.9,8.2,6.5,4.0,13.7,10.9,13.2,14.3,9.0,4.4,1.6,8043
Battle Creek,48865,Michigan,7.6,7.1,6.7,7.1,7.0,6.4,13.7,12.3,12.9,11.7,7.6,4.4,2.6,51963
Lexington,48750,Michigan,3.5,2.8,6.0,2.8,3.4,5.3,6.1,9.1,10.8,15.5,19.5,13.0,5.2,1067
Sault Sainte Marie,48691,Michigan,6.6,5.9,6.5,5.9,8.2,12.8,11.2,11.3,13.5,11.4,5.6,4.7,2.4,14121
Alanson,48542,Michigan,5.0,3.9,7.5,3.9,5.5,5.8,11.5,14.7,21.4,12.1,6.8,4.8,1.0,585
Carp Lake,48500,Michigan,4.4,5.9,1.5,5.9,4.9,2.7,7.6,8.9,11.2,12.5,34.6,5.5,0.4,474
Bridgeport,48469,Michigan,7.7,4.6,7.5,4.6,3.7,5.2,9.3,12.2,17.1,15.5,9.1,5.8,2.2,6615
White Pine,48438,Michigan,1.0,3.2,2.5,3.2,2.5,1.2,5.5,4.5,15.2,22.9,29.1,11.4,1.0,402
Roosevelt Park,48424,Michigan,4.4,5.5,10.2,5.5,6.2,8.2,10.5,14.0,10.7,12.1,7.8,6.5,3.8,3817
Taylor,48418,Michigan,6.8,7.3,6.2,7.3,6.3,6.9,13.1,12.3,15.4,11.5,8.0,4.7,1.6,62331
Boyne Falls,48409,Michigan,2.8,10.7,6.5,10.7,5.8,5.2,7.6,14.1,18.6,10.3,12.4,4.5,1.7,291
Lyons,48375,Michigan,3.5,4.2,8.8,4.2,8.1,11.7,8.5,10.8,18.7,13.5,7.6,3.9,0.7,943
Grand Rapids,48357,Michigan,7.9,7.1,6.2,7.1,7.2,10.2,17.9,11.6,11.0,9.6,5.1,3.8,2.4,190739
Michigamme,48250,Michigan,5.3,3.8,1.9,3.8,4.2,3.4,10.3,4.2,6.9,26.0,18.3,15.3,0.4,262
Mount Clemens,48244,Michigan,3.6,4.1,6.4,4.1,6.6,6.5,13.2,14.2,16.7,13.8,8.8,4.1,2.2,16345
Comstock Park,48227,Michigan,7.5,6.1,6.7,6.1,7.3,9.4,19.4,11.3,13.1,10.1,4.5,4.0,0.5,10407
Lincoln Park,48133,Michigan,6.8,7.2,6.2,7.2,6.7,6.0,13.7,14.0,14.4,13.4,5.6,4.3,1.7,37648
Gaines,48125,Michigan,4.2,8.0,5.3,8.0,5.0,8.5,15.1,8.5,10.3,16.5,13.8,2.4,2.4,377
Snover,48056,Michigan,7.0,8.1,8.5,8.1,7.2,9.4,11.6,11.6,14.9,6.8,12.0,1.8,1.1,457
Eaton Rapids,48053,Michigan,9.0,7.9,6.4,7.9,8.4,5.6,16.5,10.1,13.6,10.6,6.3,4.0,1.7,5221
Wayne,48024,Michigan,5.3,7.4,7.1,7.4,5.2,6.3,14.5,11.8,14.1,15.0,6.9,4.6,2.0,17314
Melvin,47969,Michigan,9.2,7.7,6.6,7.7,6.6,8.2,14.8,7.1,16.3,12.8,6.1,3.1,1.5,196
Mackinaw City,47841,Michigan,2.9,3.5,3.8,3.5,7.2,8.8,9.7,15.2,15.4,15.0,10.6,4.7,3.2,719
Vassar,47829,Michigan,9.0,6.8,8.0,6.8,12.6,5.2,15.1,10.3,11.1,11.8,5.6,3.0,1.5,2662
Breckenridge,47656,Michigan,5.2,6.9,9.3,6.9,3.7,5.8,15.2,12.4,13.6,12.4,7.9,4.4,3.4,1282
Mayville,47656,Michigan,4.2,7.6,5.1,7.6,7.8,9.4,12.7,15.6,11.5,5.7,9.4,7.3,3.8,926
Owendale,47500,Michigan,10.9,7.6,5.7,7.6,2.3,4.9,14.7,9.1,25.3,5.7,9.1,4.2,0.8,265
Otsego,47480,Michigan,5.1,8.7,6.4,8.7,6.9,3.1,14.0,10.4,15.4,10.7,10.1,4.7,4.4,3961
Lupton,47375,Michigan,4.6,1.9,3.8,1.9,6.5,4.9,14.8,4.6,10.3,24.3,13.7,8.8,1.9,263
Lake Linden,47292,Michigan,9.0,6.5,5.1,6.5,4.8,3.3,11.9,10.4,10.7,16.6,13.6,5.0,3.2,1108
Mattawan,47260,Michigan,3.5,8.8,11.7,8.8,6.9,4.6,12.9,12.3,15.9,13.5,4.6,4.3,1.1,2075
Sunfield,47250,Michigan,13.7,4.9,7.1,4.9,6.8,2.6,19.2,10.8,17.7,8.9,4.5,3.5,0.5,651
Benzonia,47250,Michigan,3.8,12.2,9.0,12.2,4.5,11.1,8.8,11.3,12.9,11.7,8.1,5.0,1.6,443
Menominee,47120,Michigan,5.6,6.4,5.9,6.4,6.6,6.0,11.8,9.8,15.1,14.2,8.9,6.8,3.0,8516
Escanaba,47017,Michigan,5.7,5.5,6.0,5.5,5.0,7.0,12.3,10.2,12.6,13.9,9.5,7.5,4.7,12529
Leslie,46875,Michigan,4.3,8.7,9.5,8.7,8.1,3.7,15.1,11.9,13.9,10.7,9.0,3.5,1.8,1798
Forestville,46875,Michigan,5.8,13.0,4.4,13.0,2.9,2.9,4.4,7.3,5.8,17.4,30.4,4.4,1.5,69
Elberta,46771,Michigan,4.1,1.4,7.7,1.4,2.7,5.0,7.7,15.8,12.2,14.0,13.6,12.7,3.2,221
Woodland Beach,46750,Michigan,3.1,4.2,10.9,4.2,4.3,9.7,5.0,10.3,18.6,22.2,7.1,1.7,3.0,1728
Alma,46732,Michigan,5.9,5.8,5.1,5.8,12.1,13.5,12.1,10.3,11.8,8.6,6.4,3.8,4.6,9289
Stephenson,46719,Michigan,4.8,4.5,6.5,4.5,7.2,7.4,9.4,8.7,11.9,13.2,8.8,11.5,6.3,877
Sandusky,46691,Michigan,5.0,4.6,5.1,4.6,7.7,4.5,11.3,13.4,15.7,14.1,9.0,6.2,3.5,2638
Burr Oak,46667,Michigan,10.0,7.1,9.7,7.1,4.8,5.5,14.7,13.3,15.2,9.7,6.2,2.5,1.4,817
Cement City,46563,Michigan,5.0,3.3,7.3,3.3,7.3,11.6,7.7,14.1,17.3,15.4,6.0,3.1,1.9,481
Galien,46563,Michigan,2.2,7.3,10.6,7.3,6.0,4.1,13.4,10.4,24.5,11.9,4.7,3.4,1.7,538
Dryden,46550,Michigan,4.8,3.7,7.4,3.7,9.5,8.4,8.2,16.6,21.4,9.9,5.5,3.0,1.6,1239
White Pigeon,46544,Michigan,7.0,5.8,6.4,5.8,7.9,6.2,11.5,13.0,14.7,12.1,7.4,5.4,2.7,1528
Port Hope,46429,Michigan,0.4,1.7,3.5,1.7,5.6,3.0,3.0,8.7,13.9,15.2,26.8,13.0,5.2,231
Constantine,46364,Michigan,7.7,7.3,6.7,7.3,7.2,3.9,20.1,9.4,16.6,11.2,5.5,4.4,0.2,1760
Columbiaville,46250,Michigan,6.9,8.6,4.7,8.6,11.9,11.2,9.2,11.0,13.8,8.3,7.1,6.9,0.4,856
Lake Ann,46250,Michigan,4.9,7.5,5.2,7.5,2.6,3.8,9.0,8.2,22.5,14.2,12.0,6.4,3.8,267
Sturgis,46250,Michigan,9.7,8.9,8.1,8.9,6.5,8.4,12.0,13.6,12.6,8.2,5.7,3.5,2.8,10923
Corunna,46250,Michigan,5.6,5.9,4.9,5.9,8.0,9.0,13.7,14.2,13.8,8.3,6.5,5.9,4.2,3450
Rothbury,46250,Michigan,5.8,3.5,4.6,3.5,7.2,12.7,9.8,9.5,22.0,12.1,6.1,4.6,2.0,346
Kingston,46250,Michigan,5.8,7.2,6.5,7.2,8.3,8.6,15.1,13.2,11.1,9.5,7.2,5.6,2.1,432
Fowlerville,46176,Michigan,9.0,5.8,8.0,5.8,8.6,6.2,15.5,11.4,15.3,7.4,6.4,5.7,0.7,2929
Three Oaks,46146,Michigan,9.7,9.3,6.3,9.3,5.0,5.9,12.3,12.9,12.8,12.5,7.7,3.9,1.7,1685
Bay City,46130,Michigan,7.0,6.8,6.8,6.8,6.5,7.4,14.4,12.6,14.1,12.4,6.4,4.0,1.7,34578
Montrose,46058,Michigan,4.9,7.4,10.6,7.4,8.4,4.8,9.5,15.4,14.8,10.8,8.8,2.5,2.2,1735
Marlette,46008,Michigan,7.1,6.8,9.1,6.8,4.7,6.2,13.0,10.2,16.8,10.4,9.7,3.7,2.3,1646
Au Gres,45987,Michigan,5.8,5.6,9.0,5.6,2.1,0.8,10.5,5.5,16.8,19.2,14.5,7.7,2.8,782
Crystal Falls,45982,Michigan,8.0,5.1,5.3,5.1,5.9,4.3,9.3,10.5,13.9,16.5,10.3,8.9,1.9,1544
Kent City,45714,Michigan,10.2,7.7,9.7,7.7,8.1,5.1,14.7,14.3,12.7,10.6,3.2,2.5,1.2,1113
Laurium,45694,Michigan,8.3,8.6,7.8,8.6,8.2,3.7,13.6,12.5,11.1,12.3,5.2,7.0,1.8,2001
Morenci,45682,Michigan,7.2,4.7,6.8,4.7,9.4,10.2,11.3,14.2,12.4,11.6,7.5,3.1,1.7,2412
Sterling,45625,Michigan,6.1,4.8,6.1,4.8,5.2,3.0,10.7,13.6,15.3,11.6,9.9,4.1,9.8,543
Beulah,45625,Michigan,1.9,4.5,8.6,4.5,2.6,2.2,11.6,4.9,6.7,18.3,26.1,10.8,1.9,268
Homer,45521,Michigan,10.0,8.9,11.8,8.9,7.0,4.9,9.6,15.5,10.4,11.7,6.2,3.1,0.8,1793
Ovid,45500,Michigan,4.2,9.4,8.3,9.4,4.8,2.8,13.8,15.6,14.2,10.5,6.8,6.7,2.9,1594
Lake City,45500,Michigan,6.0,4.0,6.2,4.0,11.0,6.8,14.7,11.6,14.1,10.4,8.2,4.7,2.3,1000
Allegan,45483,Michigan,8.0,6.3,6.4,6.3,6.0,7.9,12.9,11.3,16.1,9.6,8.5,4.9,2.2,5030
Fostoria,45417,Michigan,3.2,5.2,3.9,5.2,7.1,6.3,17.1,12.8,11.9,19.3,11.0,1.7,0.7,539
Sand Lake,45375,Michigan,2.4,1.4,4.0,1.4,5.3,3.8,5.3,7.1,12.3,24.8,20.1,11.7,1.8,1535
Center Line,45263,Michigan,4.8,4.2,10.0,4.2,5.0,5.9,11.5,12.6,14.5,13.9,9.6,4.4,3.6,8279
Ypsilanti,45229,Michigan,5.2,4.1,3.1,4.1,15.1,23.1,15.4,9.6,8.7,7.4,4.5,2.3,1.4,19844
Coldwater,45224,Michigan,7.8,8.9,7.3,8.9,6.8,7.1,13.9,12.1,12.1,10.0,6.6,4.7,2.7,10863
Tawas City,45167,Michigan,4.9,3.6,2.6,3.6,8.2,3.9,9.5,8.7,16.1,16.3,11.3,8.8,6.4,1686
Manistee,44919,Michigan,6.8,7.4,4.4,7.4,5.5,6.3,11.7,9.0,14.4,14.6,11.0,5.9,3.1,6160
Bancroft,44886,Michigan,12.1,11.7,6.4,11.7,5.8,2.9,15.9,12.6,11.4,11.5,4.6,4.6,0.8,660
Croswell,44871,Michigan,7.5,8.1,7.7,8.1,10.7,4.9,11.8,11.8,14.0,13.3,5.0,2.8,2.5,2573
Nashville,44844,Michigan,3.9,9.7,8.7,9.7,10.0,7.9,11.6,10.4,15.8,10.4,6.7,3.9,1.0,1764
Otter Lake,44750,Michigan,4.7,3.5,8.2,3.5,6.5,9.0,6.7,13.4,12.9,21.6,9.0,3.5,1.0,402
Kalamazoo,44725,Michigan,5.2,6.2,5.2,6.2,11.1,20.8,14.1,10.2,9.0,8.7,4.4,2.8,2.4,75190
Marcellus,44643,Michigan,6.5,9.7,6.4,9.7,7.7,3.9,10.0,18.9,10.9,13.5,5.1,4.7,2.9,1024
Davison,44508,Michigan,5.5,7.2,8.0,7.2,4.7,6.4,11.3,14.4,13.7,13.2,8.3,5.2,2.2,5085
Chesaning,44469,Michigan,7.8,6.8,8.8,6.8,4.3,6.2,8.1,12.4,13.3,15.3,10.0,4.6,2.6,2412
Litchfield,44464,Michigan,8.3,5.7,4.6,5.7,7.0,9.8,10.4,12.1,15.7,12.5,7.2,5.1,1.8,1257
East Jordan,44306,Michigan,5.5,9.6,5.7,9.6,6.9,5.6,13.4,10.0,15.7,12.2,8.1,5.2,2.0,2335
Howard City,44231,Michigan,8.0,10.6,8.5,10.6,6.3,8.9,12.9,11.5,13.6,10.9,4.2,3.2,1.5,1849
Hillsdale,44167,Michigan,6.6,6.4,4.6,6.4,13.3,15.0,12.0,8.6,9.5,9.6,6.8,4.1,3.5,8222
Sanford,44135,Michigan,3.8,7.1,5.5,7.1,7.3,2.1,11.5,12.0,15.8,20.6,6.5,5.4,2.5,950
North Adams,44102,Michigan,4.9,8.8,10.1,8.8,8.8,4.4,13.9,14.5,12.2,8.2,7.9,4.9,1.4,634
Quincy,44063,Michigan,5.9,7.2,9.2,7.2,6.4,9.0,16.4,13.3,12.7,12.7,4.4,2.1,0.8,1650
Omer,43929,Michigan,10.2,5.9,4.1,5.9,4.7,4.7,18.4,14.6,5.6,11.7,6.4,12.6,1.2,342
Muir,43854,Michigan,11.3,11.5,7.4,11.5,3.1,4.6,15.6,13.2,13.2,8.6,6.4,3.1,1.9,582
Ontonagon,43839,Michigan,3.1,3.6,3.5,3.6,4.1,3.9,7.3,6.9,16.1,20.4,18.5,7.8,4.9,1457
Saint Ignace,43811,Michigan,4.1,7.3,7.7,7.3,4.6,6.2,13.2,11.0,13.8,13.1,8.6,5.8,4.6,2615
Brethren,43750,Michigan,0.6,4.0,11.0,4.0,6.1,1.2,3.1,14.4,14.4,23.9,15.9,4.9,0.6,327
Fountain,43750,Michigan,8.7,9.9,6.2,9.9,6.2,6.8,10.6,8.1,15.5,13.7,8.1,5.6,0.6,161
Jasper,43750,Michigan,3.0,17.1,7.7,17.1,5.5,4.5,11.9,14.4,14.9,12.4,6.0,2.2,0.5,403
Applegate,43750,Michigan,7.0,7.3,8.6,7.3,11.2,9.6,11.2,12.4,13.1,9.9,4.5,4.8,0.6,314
Sand Lake village,43750,Michigan,9.9,8.2,5.6,8.2,4.2,5.6,14.9,8.0,20.7,11.3,4.6,6.0,1.2,503
Big Rapids,43641,Michigan,2.8,2.4,4.1,2.4,22.5,30.5,11.5,5.9,7.9,5.2,3.9,2.1,1.2,10543
Elsie,43611,Michigan,4.6,6.1,3.7,6.1,5.9,7.5,17.6,6.1,15.1,17.6,9.7,4.3,2.1,1007
Caspian,43571,Michigan,3.4,3.4,5.2,3.4,7.7,2.4,5.7,9.0,16.0,23.2,7.6,11.1,5.3,790
Lansing,43543,Michigan,7.6,6.4,6.2,6.4,6.0,10.9,17.0,12.5,12.2,11.3,5.8,3.2,1.2,114382
Cadillac,43478,Michigan,8.1,5.9,6.2,5.9,5.1,6.6,13.1,11.5,12.9,12.6,8.4,6.1,3.4,10306
Eastwood,43444,Michigan,5.8,7.9,10.5,7.9,8.6,6.8,15.7,13.8,11.7,10.8,5.8,2.0,0.8,6734
Hubbell,43409,Michigan,8.2,8.2,8.9,8.2,6.2,5.2,13.3,13.3,15.4,7.7,5.9,2.9,5.1,1068
Rogers City,43400,Michigan,3.5,4.7,4.0,4.7,4.9,5.1,9.2,11.1,13.7,12.7,13.1,13.1,5.1,2774
Deckerville,43393,Michigan,8.5,5.4,7.4,5.4,7.8,7.8,10.0,9.8,13.1,12.5,4.2,5.7,8.0,903
Galesburg,43229,Michigan,5.6,7.0,6.7,7.0,5.5,7.4,11.7,13.9,17.0,11.8,5.8,5.1,2.4,1876
Ludington,43165,Michigan,6.0,7.2,5.5,7.2,4.1,6.3,12.5,11.2,12.9,13.8,8.3,8.8,3.4,8061
Springfield,43115,Michigan,5.3,6.4,9.1,6.4,4.0,6.8,17.3,12.3,14.5,13.0,5.8,4.3,1.3,5231
Michigan Center,43072,Michigan,2.4,7.2,10.3,7.2,5.3,6.4,12.0,14.1,14.4,12.7,9.4,3.9,1.9,4586
Wakefield,43068,Michigan,2.9,5.9,4.6,5.9,5.5,2.6,12.5,7.8,13.6,14.7,14.8,9.6,5.6,1837
Addison,43000,Michigan,11.9,6.9,8.2,6.9,6.5,4.6,13.9,5.9,15.5,17.1,3.5,5.7,0.5,650
Millington,42955,Michigan,7.6,4.7,7.5,4.7,9.3,6.8,10.1,13.6,12.3,12.0,9.9,3.9,2.5,934
Custer,42917,Michigan,5.3,4.5,9.3,4.5,8.1,2.0,11.7,9.3,17.4,14.6,9.3,4.5,4.1,247
Springport,42857,Michigan,8.8,7.2,7.4,7.2,10.2,5.5,10.6,12.6,15.2,10.7,7.8,2.1,2.0,748
Union City,42826,Michigan,6.8,8.0,11.0,8.0,7.2,6.0,12.0,12.6,14.8,10.8,5.3,3.8,1.6,1622
Republic,42750,Michigan,3.9,3.6,7.5,3.6,5.3,4.7,7.1,15.6,19.8,5.9,16.2,6.7,3.9,494
Kaleva,42589,Michigan,4.1,7.7,3.6,7.7,2.4,8.1,4.9,17.3,18.8,20.5,9.8,1.5,1.5,469
Harbor Beach,42500,Michigan,4.8,9.3,6.9,9.3,4.3,5.8,11.5,10.1,14.9,12.8,11.1,5.6,3.2,1780
Fairgrove,42443,Michigan,5.3,5.5,8.0,5.5,6.4,4.7,15.4,8.8,12.9,13.9,11.3,3.9,3.9,488
Lake Michigan Beach,42222,Michigan,2.5,1.8,15.6,1.8,4.3,1.7,5.2,12.6,9.9,22.2,18.1,3.6,2.5,1153
Clifford,42188,Michigan,1.3,5.6,7.5,5.6,9.4,3.4,11.6,9.7,24.1,12.8,8.8,3.1,2.8,320
Kalkaska,42026,Michigan,9.8,6.2,5.1,6.2,6.6,3.3,18.4,11.7,8.1,16.6,6.2,4.6,3.5,2176
Parchment,41944,Michigan,6.7,6.5,7.5,6.5,4.7,6.6,14.7,11.4,17.0,12.4,6.2,3.4,3.0,1867
Honor,41750,Michigan,6.2,9.3,8.3,9.3,2.8,5.2,15.5,6.2,12.4,13.8,13.1,6.5,1.0,291
Iron River,41727,Michigan,1.7,5.7,7.4,5.7,6.1,2.2,7.8,11.7,14.1,13.7,13.2,6.1,10.4,2979
Brown City,41705,Michigan,5.7,6.1,8.5,6.1,7.8,7.6,11.8,10.1,14.9,14.6,7.4,4.6,0.9,1243
Lawrence,41625,Michigan,8.5,7.5,11.6,7.5,5.3,7.2,13.6,10.4,11.7,13.1,6.8,2.9,1.4,1049
Baraga,41563,Michigan,2.8,2.8,1.4,2.8,1.8,12.8,33.1,17.3,15.8,6.7,3.8,0.8,0.9,2875
Alpena,41429,Michigan,6.8,4.6,6.2,4.6,6.3,7.7,11.5,10.6,15.2,12.0,9.3,6.4,3.4,10336
Adrian,41318,Michigan,5.9,7.6,5.6,7.6,10.0,11.4,12.4,11.6,10.8,10.5,7.1,5.0,2.3,21008
Mcbain,41250,Michigan,7.2,7.5,4.0,7.5,6.5,7.2,18.6,4.8,10.5,8.2,6.2,10.1,9.2,694
Carson City,41250,Michigan,6.6,6.0,6.7,6.0,6.6,7.5,11.4,5.7,13.4,12.0,10.4,9.6,4.2,1080
Greenville,41250,Michigan,7.9,8.1,8.4,8.1,6.6,3.7,16.5,11.3,10.5,9.4,8.6,7.0,2.0,8434
Newaygo,41250,Michigan,8.7,8.8,9.4,8.8,7.2,6.9,15.8,8.7,7.7,11.1,7.6,5.7,2.5,1986
Niles,41154,Michigan,9.1,8.7,6.9,8.7,5.1,6.7,13.6,9.7,13.5,12.0,7.9,4.1,2.7,11479
Gobles,41111,Michigan,2.6,5.5,5.8,5.5,12.1,8.3,7.0,13.5,15.3,17.3,4.2,6.2,2.4,763
Cedar Springs,40721,Michigan,10.0,7.5,6.9,7.5,6.7,6.2,15.4,11.3,18.8,6.5,5.6,2.5,2.8,3544
Otisville,40625,Michigan,3.5,3.6,5.1,3.6,7.1,2.8,7.8,12.3,16.4,15.8,11.5,9.5,4.5,798
Gagetown,40625,Michigan,3.5,7.6,5.4,7.6,3.5,8.2,9.8,13.6,20.1,13.0,6.0,6.8,2.5,368
Pellston,40526,Michigan,6.6,7.0,9.4,7.0,9.0,3.1,10.4,14.2,22.4,11.7,3.5,1.9,0.8,881
Tekonsha,40521,Michigan,5.5,8.6,5.1,8.6,5.1,4.3,11.6,10.9,16.4,13.1,13.2,4.6,1.6,672
Gaastra,40469,Michigan,8.2,4.4,5.4,4.4,2.5,7.2,20.1,7.9,10.1,11.6,12.0,7.9,2.8,318
Port Huron,40381,Michigan,6.5,7.0,7.7,7.0,6.6,6.8,13.8,12.3,13.4,11.5,8.0,4.6,2.1,29534
Three Rivers,40368,Michigan,8.7,8.4,7.9,8.4,5.6,7.6,19.0,10.2,10.8,10.5,5.0,3.4,3.0,7765
Shelby,40329,Michigan,8.7,11.4,6.6,11.4,8.8,8.3,9.2,11.4,13.3,9.0,6.8,4.4,2.1,1793
Manistique,40156,Michigan,5.3,7.1,5.9,7.1,5.9,3.7,11.5,14.2,12.8,12.9,8.4,7.8,4.6,3043
Farwell,40089,Michigan,2.1,4.9,5.1,4.9,8.9,3.3,6.7,13.0,18.3,13.5,12.1,7.4,4.9,733
Cassopolis,40074,Michigan,8.5,8.8,5.9,8.8,12.4,10.4,9.9,10.2,11.7,7.7,8.0,5.1,1.3,1770
Camden,40000,Michigan,7.7,8.4,8.9,8.4,6.8,13.5,13.4,8.7,14.2,11.6,5.2,1.4,0.4,562
Burlington,40000,Michigan,6.2,6.2,7.0,6.2,6.2,7.3,13.2,14.3,12.5,17.2,6.6,2.2,1.1,273
Dowagiac,39872,Michigan,8.1,9.9,7.6,9.9,6.8,4.3,15.8,12.4,11.7,9.2,8.2,3.4,2.5,5822
Melvindale,39855,Michigan,6.7,8.2,5.9,8.2,8.8,6.4,14.6,11.9,14.9,10.6,7.0,3.4,1.7,10584
Edwardsburg,39712,Michigan,6.3,5.7,11.0,5.7,9.3,10.8,13.7,10.4,11.4,11.0,6.3,2.7,1.5,1232
Owosso,39647,Michigan,6.4,6.1,8.6,6.1,6.7,9.5,15.6,10.3,13.3,10.7,6.6,4.6,1.6,14922
Bronson,39539,Michigan,8.5,8.6,9.8,8.6,9.6,6.2,12.9,13.6,11.1,8.8,6.9,3.1,0.9,2420
Hazel Park,39513,Michigan,6.6,6.2,7.0,6.2,4.6,7.9,15.3,12.7,13.9,14.1,6.3,4.0,1.5,16532
Eau Claire,39479,Michigan,10.7,6.5,9.0,6.5,10.5,9.0,11.4,8.6,15.8,10.9,3.9,2.6,1.1,569
Bangor,39453,Michigan,8.4,9.4,4.6,9.4,6.9,5.4,13.6,10.3,16.2,12.3,6.5,5.0,1.4,2026
Clare,39397,Michigan,10.8,5.3,4.1,5.3,4.5,11.3,13.9,9.6,12.4,11.1,8.1,5.1,3.9,3056
Vermontville,39375,Michigan,7.8,14.2,9.1,14.2,4.5,4.6,13.8,12.3,12.3,8.4,5.9,5.4,1.8,782
Ironwood,39375,Michigan,4.3,5.4,5.5,5.4,5.0,6.9,9.3,12.6,13.8,15.9,9.0,7.4,4.8,5237
Saint Louis,39297,Michigan,6.0,2.8,3.1,2.8,3.3,13.0,22.7,16.3,15.0,8.7,5.3,2.1,1.9,7347
Harrison,39271,Michigan,7.9,4.0,4.0,4.0,5.3,10.7,14.2,12.8,10.7,14.7,7.8,6.2,1.8,2128
Robin Glen-Indiantown,39250,Michigan,8.1,10.4,6.8,10.4,11.2,12.6,15.3,6.0,17.7,5.2,2.1,3.9,0.7,894
Carney,39250,Michigan,2.9,5.8,4.7,5.8,7.3,5.1,13.1,11.0,21.2,9.9,7.3,7.3,4.4,274
West Monroe,39167,Michigan,3.5,8.3,7.2,8.3,8.5,9.8,13.2,13.1,11.5,13.4,7.4,3.5,0.7,3248
West Branch,39167,Michigan,8.1,6.4,3.7,6.4,6.6,6.9,9.3,10.7,10.2,14.5,8.1,7.6,7.8,2051
Elkton,39097,Michigan,8.5,7.8,12.3,7.8,5.2,5.3,15.6,13.4,10.0,9.1,7.8,3.8,1.3,871
Hillman,38977,Michigan,1.9,3.6,6.2,3.6,3.6,7.8,6.9,7.8,10.8,15.5,13.1,10.9,11.9,723
Gladwin,38690,Michigan,6.4,7.6,5.4,7.6,7.7,4.1,10.6,11.0,11.1,12.5,11.9,7.1,4.7,2928
Morley,38558,Michigan,4.1,6.3,12.7,6.3,12.5,6.8,12.7,17.5,9.2,9.9,4.2,2.7,1.6,710
Brutus,38250,Michigan,2.9,5.2,9.9,5.2,8.7,4.1,6.4,11.6,15.1,19.2,11.1,4.1,1.7,172
Mancelona,38239,Michigan,8.3,7.9,9.2,7.9,7.2,4.7,17.2,11.0,12.8,10.4,6.2,3.3,1.9,1661
Bad Axe,38125,Michigan,7.5,3.3,5.2,3.3,6.9,6.4,12.0,8.5,13.6,13.2,11.9,6.8,4.6,3082
Wolverine,38125,Michigan,4.0,4.9,4.9,4.9,6.7,3.6,21.5,7.2,17.0,11.2,9.4,7.6,1.8,223
Newberry,38125,Michigan,7.7,7.1,7.5,7.1,5.8,2.5,12.3,11.1,17.6,11.7,7.7,5.6,3.6,1633
Onaway,38056,Michigan,11.0,5.4,3.5,5.4,7.4,11.8,10.1,6.2,17.1,12.8,8.6,5.1,1.1,829
Bloomingdale,37917,Michigan,9.6,5.2,8.2,5.2,5.9,6.5,13.2,12.4,14.4,13.9,6.2,2.5,2.0,612
Akron,37875,Michigan,2.3,5.8,9.8,5.8,13.4,6.1,11.8,13.4,15.4,8.8,7.8,5.0,0.5,397
Clayton,37813,Michigan,13.8,9.8,4.2,9.8,8.2,6.7,16.0,13.2,8.4,8.7,6.2,2.5,2.3,356
Perrinton,37679,Michigan,5.7,10.5,11.7,10.5,5.7,7.1,13.1,13.5,10.7,9.7,7.5,4.4,0.6,496
Ossineke,37667,Michigan,4.0,7.6,8.2,7.6,6.6,2.3,14.5,8.2,14.0,19.4,11.1,3.4,0.6,996
Mio,37543,Michigan,4.5,8.0,5.9,8.0,8.4,9.6,8.2,10.2,14.8,12.7,7.9,7.6,2.1,1943
Rosebush,37500,Michigan,12.3,5.6,4.6,5.6,6.2,10.7,10.5,12.3,9.4,9.7,3.5,9.1,6.2,373
Walkerville,37500,Michigan,6.3,4.4,7.0,4.4,5.7,3.8,6.3,11.4,21.5,10.8,14.6,6.3,1.9,158
Manton,37443,Michigan,11.0,8.2,6.9,8.2,5.8,8.0,13.1,10.2,11.3,12.0,5.3,4.9,3.4,1315
Lewiston,37396,Michigan,4.9,7.2,9.2,7.2,3.6,0.8,11.4,7.0,10.6,18.0,11.1,11.1,5.0,1329
Twining,37344,Michigan,11.8,1.8,10.7,1.8,11.2,8.9,11.8,5.9,19.5,11.2,3.6,1.8,1.8,169
Ionia,37335,Michigan,6.7,3.7,3.8,3.7,6.3,13.3,18.7,16.9,13.5,9.4,3.4,3.4,1.1,11388
Standish,37250,Michigan,4.3,4.4,7.7,4.4,8.6,8.8,15.8,13.3,15.0,8.4,5.6,4.0,4.1,1742
Decatur,37198,Michigan,8.4,6.5,6.8,6.5,9.1,7.1,13.4,12.0,14.1,11.0,5.0,4.7,2.0,2095
Waldron,37143,Michigan,10.4,8.6,8.6,8.6,6.2,5.3,12.0,13.3,16.5,8.1,4.4,5.5,1.3,618
Henderson,37083,Michigan,4.2,2.6,19.5,2.6,2.6,7.9,10.5,15.5,7.6,12.9,6.1,7.4,3.2,380
Oscoda,36944,Michigan,1.4,4.5,9.4,4.5,10.0,0.6,0.7,12.0,28.9,9.2,11.0,9.9,2.4,807
North Branch,36875,Michigan,5.5,9.0,8.4,9.0,6.8,5.8,13.3,13.0,9.2,16.1,5.1,5.3,2.5,979
Scottville,36875,Michigan,10.8,8.5,5.9,8.5,9.8,6.6,9.7,11.8,11.6,12.7,6.7,4.3,1.8,1209
Thompsonville,36875,Michigan,6.5,3.3,6.5,3.3,5.4,7.6,15.9,11.0,14.6,12.1,7.0,8.7,1.4,554
Lapeer,36840,Michigan,3.9,6.5,6.9,6.5,7.4,6.0,15.7,13.3,13.4,11.7,8.0,4.5,2.7,8801
Saint Helen,36786,Michigan,3.0,4.5,3.5,4.5,5.4,7.4,6.6,8.9,13.9,21.0,15.1,8.6,2.2,2774
Marenisco,36667,Michigan,2.2,4.3,5.2,4.3,3.0,4.8,3.0,5.2,19.5,13.9,21.2,15.2,2.6,231
Pinconning,36528,Michigan,4.5,7.9,7.8,7.9,7.4,4.4,14.1,10.4,14.1,12.2,10.5,4.5,2.4,1380
Chatham,36250,Michigan,2.2,5.3,9.3,5.3,9.7,0.4,4.9,6.6,20.7,9.3,10.1,16.7,4.9,227
Atlanta,36196,Michigan,5.3,1.2,4.6,1.2,7.6,5.6,7.8,11.3,14.6,21.9,10.8,3.5,5.9,896
South Boardman,36125,Michigan,5.1,11.6,8.1,11.6,6.0,10.2,13.5,9.6,15.1,12.3,6.7,1.1,1.1,571
Ecorse,35864,Michigan,8.4,7.1,7.2,7.1,6.5,6.5,9.4,15.8,12.5,12.7,7.7,3.5,2.7,9401
Coleman,35750,Michigan,6.9,5.3,4.8,5.3,6.9,9.3,11.5,9.1,14.6,11.4,10.2,6.1,3.9,1162
Bear Lake village,35625,Michigan,6.0,9.0,4.9,9.0,7.9,1.9,16.5,8.6,11.6,14.6,10.9,3.4,4.9,267
Lincoln,35625,Michigan,6.4,6.4,5.7,6.4,9.1,3.7,8.8,5.1,13.1,15.5,11.8,9.1,5.4,297
Clio,35526,Michigan,6.1,6.7,6.8,6.7,5.7,5.7,13.4,17.3,10.0,12.7,8.8,4.8,2.0,2601
Millersburg,35500,Michigan,4.5,3.5,4.5,3.5,12.6,1.5,11.6,9.1,13.6,10.6,11.6,9.1,8.0,199
Fennville,35455,Michigan,9.5,10.5,13.3,10.5,7.3,5.0,18.4,9.4,8.3,11.2,5.2,1.5,0.4,1757
Grayling,35417,Michigan,6.1,4.4,6.8,4.4,6.9,6.7,11.5,8.5,15.6,12.1,8.7,7.7,5.1,1798
Hartford,35292,Michigan,9.6,13.0,7.0,13.0,9.7,8.4,10.9,13.9,9.3,8.6,5.2,4.0,0.6,2660
Wolf Lake,35139,Michigan,9.6,7.2,6.7,7.2,6.3,9.2,13.6,9.5,11.8,13.2,6.7,4.3,1.9,4360
Inkster,34931,Michigan,8.7,8.2,7.9,8.2,7.0,7.4,13.2,12.4,12.7,11.6,6.3,3.5,1.2,25056
Saginaw,34670,Michigan,7.0,7.5,7.1,7.5,8.3,7.7,12.4,12.0,13.9,12.8,5.8,3.6,2.0,50700
Rapid City,34635,Michigan,4.4,4.6,7.6,4.6,6.5,6.5,9.1,15.0,16.2,13.0,11.3,5.2,0.7,1490
Vandalia,34375,Michigan,4.4,3.7,4.7,3.7,9.0,7.1,4.4,16.2,18.0,13.4,6.5,4.7,8.1,322
Brownlee Park,34282,Michigan,6.6,8.2,6.6,8.2,8.0,6.6,13.5,15.9,13.5,9.9,6.6,3.2,1.5,2016
Reading,34063,Michigan,8.9,6.5,9.2,6.5,11.3,4.5,11.7,17.0,13.4,9.0,4.0,3.4,1.1,1244
Mecosta,34000,Michigan,5.5,3.9,11.7,3.9,12.4,8.4,12.4,10.1,14.7,9.4,7.8,1.6,2.0,563
Mesick,33906,Michigan,3.7,7.7,11.9,7.7,6.1,6.9,12.1,7.7,19.3,10.3,4.5,7.1,2.9,379
Luther,33750,Michigan,5.5,10.3,8.1,10.3,6.7,9.9,12.2,9.2,11.3,12.4,11.7,1.2,1.6,435
Free Soil,33750,Michigan,4.4,8.0,2.2,8.0,5.1,1.5,11.6,5.8,18.8,21.7,14.5,4.4,2.2,138
Carsonville,33571,Michigan,12.8,13.6,8.5,13.6,2.0,4.9,10.7,6.7,13.6,13.6,5.7,5.7,2.4,494
Copper City,33438,Michigan,10.7,3.2,13.0,3.2,6.3,10.3,11.1,16.6,10.3,7.1,5.9,4.4,1.2,253
Houghton Lake,33382,Michigan,3.7,2.3,2.8,2.3,4.9,2.9,9.1,9.5,17.2,19.9,13.2,10.0,4.5,2926
Stanton,33375,Michigan,5.8,7.4,10.7,7.4,7.2,5.3,15.4,12.4,10.0,10.9,5.9,6.5,2.5,1589
Kinde,33214,Michigan,11.5,3.5,4.1,3.5,7.4,3.9,12.7,11.7,11.3,12.5,12.3,5.3,3.9,488
Hesperia,33203,Michigan,5.1,8.8,7.6,8.8,4.6,6.5,18.3,11.0,9.9,12.5,7.8,6.2,1.9,911
Posen,33125,Michigan,3.8,8.0,11.3,8.0,5.4,3.4,13.8,13.0,13.4,9.6,6.7,9.2,2.5,239
Whittemore,33125,Michigan,5.2,5.2,5.2,5.2,5.0,6.3,7.9,10.4,13.8,21.0,7.7,10.4,1.8,442
Vanderbilt,33056,Michigan,3.6,7.6,3.9,7.6,7.4,2.3,10.2,11.8,18.9,18.6,5.9,7.4,2.5,609
Powers,32917,Michigan,3.4,2.5,3.4,2.5,2.8,3.2,7.8,9.2,13.1,10.8,20.2,6.0,17.7,436
Albion,32863,Michigan,7.7,5.0,5.0,5.0,11.3,13.9,10.1,10.0,9.6,12.1,7.8,4.4,3.1,8416
Edmore,32625,Michigan,4.8,7.4,8.4,7.4,6.9,12.0,12.1,12.6,11.9,8.9,7.6,4.4,3.1,1219
Port Austin,32500,Michigan,1.3,5.3,5.2,5.3,5.5,3.8,5.2,9.4,13.9,18.3,18.6,9.5,4.2,715
Paw Paw,32153,Michigan,5.8,8.0,3.4,8.0,8.1,6.8,16.6,9.8,19.1,13.6,4.8,3.3,0.7,3494
Alba,32143,Michigan,9.8,1.9,1.9,1.9,1.9,14.2,8.2,7.2,17.6,18.6,10.7,6.6,1.6,318
Muskegon,31747,Michigan,7.4,6.0,5.6,6.0,6.8,9.3,14.9,12.2,14.0,12.0,5.5,4.0,2.2,37822
Grant,31719,Michigan,8.8,6.7,5.7,6.7,7.8,5.4,13.1,12.0,15.0,9.4,7.9,4.0,4.3,809
Jackson,31576,Michigan,9.0,8.5,7.4,8.5,6.9,7.5,16.3,11.6,11.7,10.5,6.0,3.1,1.5,33317
Detroit,31566,Michigan,7.1,6.7,7.2,6.7,7.9,8.6,12.4,12.4,13.3,12.3,6.6,3.8,1.7,695437
Pontiac,31565,Michigan,8.1,7.1,7.5,7.1,7.9,8.9,13.8,13.4,12.9,10.5,5.4,3.2,1.4,59658
Cheboygan,31509,Michigan,5.6,6.9,6.5,6.9,6.9,5.7,9.3,13.4,12.5,14.6,8.7,6.0,3.8,4801
Hart,31375,Michigan,8.2,7.3,8.8,7.3,5.9,4.1,9.1,10.2,12.8,10.8,8.7,6.9,7.1,2128
Reed City,31339,Michigan,7.0,9.3,7.3,9.3,8.2,6.2,12.0,13.7,12.9,7.7,9.4,2.9,3.4,2816
Beaverton,31250,Michigan,5.5,6.2,4.9,6.2,5.2,7.5,12.3,12.5,13.5,11.1,11.4,7.2,2.7,1042
K I Sawyer,30542,Michigan,7.3,10.4,9.1,10.4,8.3,8.1,16.0,13.4,13.5,7.6,3.9,2.3,0.2,2933
Skidway Lake,30261,Michigan,4.0,6.5,3.8,6.5,4.3,7.3,10.8,12.6,16.4,15.3,11.3,6.6,1.3,3329
Lakeview,30114,Michigan,10.7,7.8,9.4,7.8,6.2,2.6,14.2,13.0,13.0,5.2,5.9,7.8,4.2,1127
Marion,29750,Michigan,6.4,7.4,5.8,7.4,9.7,5.2,9.1,9.6,20.7,7.9,10.5,5.2,2.5,793
White Cloud,29612,Michigan,4.3,7.7,6.2,7.7,8.2,5.1,12.5,15.9,14.1,14.3,7.3,3.3,1.1,1502
Pierson,29583,Michigan,16.9,9.2,2.9,9.2,6.8,4.8,23.2,14.0,7.7,8.2,1.5,3.9,1.0,207
Flint,29095,Michigan,7.8,7.0,7.0,7.0,7.8,7.9,13.4,12.1,13.7,11.8,6.4,4.0,1.3,100569
Montgomery,29063,Michigan,4.6,14.3,6.7,14.3,6.4,6.4,11.9,15.5,10.0,10.3,6.7,5.8,1.5,329
Hamtramck,28396,Michigan,9.9,9.0,8.7,9.0,7.2,10.2,15.7,12.3,10.1,9.2,4.5,2.1,1.1,22256
River Rouge,28033,Michigan,8.0,5.9,6.3,5.9,11.1,7.1,12.6,11.9,14.2,11.0,7.4,3.6,0.9,7761
Weidman,27632,Michigan,7.9,7.8,10.5,7.8,4.6,3.0,20.8,8.8,13.4,12.0,6.7,3.5,1.1,1015
Barryton,27500,Michigan,5.4,9.7,7.4,9.7,3.3,7.4,10.2,9.4,15.3,11.5,10.2,6.6,3.6,392
Evart,26813,Michigan,8.7,6.6,6.6,6.6,5.2,5.5,10.5,10.1,15.0,11.8,8.2,9.7,1.9,1469
Highland Park,25589,Michigan,5.0,6.9,7.5,6.9,6.4,7.5,8.1,12.8,16.3,14.6,9.4,3.8,1.8,10951
Rose City,23906,Michigan,8.1,9.2,7.0,9.2,9.1,2.5,11.9,8.4,10.1,9.7,8.4,8.0,7.6,641
Roscommon,23750,Michigan,3.9,4.6,3.7,4.6,11.0,7.8,12.0,10.8,11.4,14.9,7.8,6.1,5.9,970
Buena Vista,23490,Michigan,8.0,7.2,8.4,7.2,8.7,5.9,10.5,10.7,7.9,14.0,9.6,8.1,1.0,6302
Beecher,23080,Michigan,9.0,8.3,6.1,8.3,10.4,8.3,11.6,10.3,12.5,9.9,7.4,4.9,1.2,10230
Muskegon Heights,22327,Michigan,8.3,11.2,8.4,11.2,7.6,7.8,14.4,11.9,10.5,9.8,6.0,2.8,1.4,10807
Benton Heights,21614,Michigan,7.7,13.1,9.3,13.1,8.8,8.6,13.4,11.2,10.9,7.3,3.5,4.4,2.1,4467
Benton Harbor,21207,Michigan,10.9,9.3,7.4,9.3,9.4,6.7,12.4,12.7,14.1,9.2,3.9,2.7,1.3,10056
Baldwin,20221,Michigan,4.5,4.5,5.9,4.5,7.8,3.8,13.8,18.3,13.6,10.9,10.0,5.2,1.7,1535
Mount Morris,19694,Michigan,10.4,5.9,6.9,5.9,7.4,11.7,13.6,12.7,11.2,11.4,3.8,3.3,1.7,3032
Calumet,17143,Michigan,6.9,2.2,8.9,2.2,16.9,4.7,8.5,14.0,15.0,9.9,8.9,3.5,0.5,765
Turner,9000,Michigan,6.2,1.5,9.2,1.5,3.1,1.5,9.2,10.8,9.2,26.2,4.6,12.3,6.2,65
